id,class,method,descriptor,line,mutator,description,before_status,after_status,before_killing_test,after_killing_test
119b775c81b8cbbf,org.apache.tika.io.FilenameUtils,getEmbeddedName,(Lorg/apache/tika/metadata/Metadata;)Ljava/lang/String;,370,org.pitest.mutationtest.engine.gregor.mutators.returns.EmptyObjectReturnValsMutator,"replaced return value with """" for org/apache/tika/io/FilenameUtils::getEmbeddedName",NO_COVERAGE,KILLED,,org.apache.tika.io.FilenameUtilsManualTest.[engine:junit-jupiter]/[class:org.apache.tika.io.FilenameUtilsManualTest]/[method:embeddedFilenameUsesInternalPathWhenResourceNameIsMissing()]
1694949b679ac2b9,org.apache.tika.io.FilenameUtils,getEmbeddedName,(Lorg/apache/tika/metadata/Metadata;)Ljava/lang/String;,369,org.pitest.mutationtest.engine.gregor.mutators.RemoveConditionalMutator_EQUAL_ELSE,removed conditional - replaced equality check with false,SURVIVED,KILLED,,org.apache.tika.io.FilenameUtilsManualTest.[engine:junit-jupiter]/[class:org.apache.tika.io.FilenameUtilsManualTest]/[method:embeddedFilenameUsesInternalPathWhenResourceNameIsMissing()]
29c2617574c375fb,org.apache.tika.io.FilenameUtils,getEmbeddedPath,(Lorg/apache/tika/metadata/Metadata;)Ljava/lang/String;,348,org.pitest.mutationtest.engine.gregor.mutators.RemoveConditionalMutator_EQUAL_ELSE,removed conditional - replaced equality check with false,SURVIVED,KILLED,,org.apache.tika.io.FilenameUtilsManualTest.[engine:junit-jupiter]/[class:org.apache.tika.io.FilenameUtilsManualTest]/[method:embeddedPathUsesInternalPathWhenResourcePathIsMissing()]
4083f7fc9a490dd4,org.apache.tika.io.LookaheadInputStream,read,([BII)I,103,org.pitest.mutationtest.engine.gregor.mutators.VoidMethodCallMutator,removed call to org/apache/tika/io/LookaheadInputStream::fill,NO_COVERAGE,KILLED,,org.apache.tika.io.LookaheadInputStreamManualTest.[engine:junit-jupiter]/[class:org.apache.tika.io.LookaheadInputStreamManualTest]/[method:arrayReadHonorsOffsetLengthAndEndOfLookahead()]
4454644d58518a71,org.apache.tika.io.LookaheadInputStream,<init>,(Ljava/io/InputStream;I)V,68,org.pitest.mutationtest.engine.gregor.mutators.VoidMethodCallMutator,removed call to java/io/InputStream::mark,SURVIVED,KILLED,,org.apache.tika.io.LookaheadInputStreamManualTest.[engine:junit-jupiter]/[class:org.apache.tika.io.LookaheadInputStreamManualTest]/[method:closeRestoresThePositionAtConstruction()]
468ae6c044e577c7,org.apache.tika.io.LookaheadInputStream,read,([BII)I,108,org.pitest.mutationtest.engine.gregor.mutators.returns.PrimitiveReturnsMutator,replaced int return with 0 for org/apache/tika/io/LookaheadInputStream::read,NO_COVERAGE,KILLED,,org.apache.tika.io.LookaheadInputStreamManualTest.[engine:junit-jupiter]/[class:org.apache.tika.io.LookaheadInputStreamManualTest]/[method:arrayReadHonorsOffsetLengthAndEndOfLookahead()]
4f78549c1beddba9,org.apache.tika.io.LookaheadInputStream,read,([BII)I,106,org.pitest.mutationtest.engine.gregor.mutators.VoidMethodCallMutator,removed call to java/lang/System::arraycopy,NO_COVERAGE,KILLED,,org.apache.tika.io.LookaheadInputStreamManualTest.[engine:junit-jupiter]/[class:org.apache.tika.io.LookaheadInputStreamManualTest]/[method:arrayReadHonorsOffsetLengthAndEndOfLookahead()]
50a6188a1c4fcf6c,org.apache.tika.io.FilenameUtils,calculateExtension,(Lorg/apache/tika/metadata/Metadata;Ljava/lang/String;)Ljava/lang/String;,402,org.pitest.mutationtest.engine.gregor.mutators.returns.EmptyObjectReturnValsMutator,"replaced return value with """" for org/apache/tika/io/FilenameUtils::calculateExtension",NO_COVERAGE,KILLED,,org.apache.tika.io.FilenameUtilsManualTest.[engine:junit-jupiter]/[class:org.apache.tika.io.FilenameUtilsManualTest]/[method:calculateExtensionUsesBinForAnUnknownMimeType()]
90477e90b06b70fc,org.apache.tika.io.FilenameUtils,getEmbeddedName,(Lorg/apache/tika/metadata/Metadata;)Ljava/lang/String;,365,org.pitest.mutationtest.engine.gregor.mutators.RemoveConditionalMutator_EQUAL_ELSE,removed conditional - replaced equality check with false,SURVIVED,KILLED,,org.apache.tika.io.FilenameUtilsManualTest.[engine:junit-jupiter]/[class:org.apache.tika.io.FilenameUtilsManualTest]/[method:filenameAtMaximumLengthIsNotTruncated()]
925a578a8aae13dc,org.apache.tika.io.LookaheadInputStream,read,([BII)I,107,org.pitest.mutationtest.engine.gregor.mutators.MathMutator,Replaced integer addition with subtraction,NO_COVERAGE,KILLED,,org.apache.tika.io.LookaheadInputStreamManualTest.[engine:junit-jupiter]/[class:org.apache.tika.io.LookaheadInputStreamManualTest]/[method:arrayReadHonorsOffsetLengthAndEndOfLookahead()]
9bdc0998b80b97a0,org.apache.tika.io.LookaheadInputStream,read,([BII)I,104,org.pitest.mutationtest.engine.gregor.mutators.RemoveConditionalMutator_ORDER_ELSE,removed conditional - replaced comparison check with false,NO_COVERAGE,KILLED,,org.apache.tika.io.LookaheadInputStreamManualTest.[engine:junit-jupiter]/[class:org.apache.tika.io.LookaheadInputStreamManualTest]/[method:arrayReadHonorsOffsetLengthAndEndOfLookahead()]
9f319e59c9b7bcd3,org.apache.tika.io.FilenameUtils,resolveWithin,(Ljava/nio/file/Path;Ljava/lang/String;)Ljava/nio/file/Path;,305,org.pitest.mutationtest.engine.gregor.mutators.RemoveConditionalMutator_EQUAL_ELSE,removed conditional - replaced equality check with false,SURVIVED,KILLED,,org.apache.tika.io.FilenameUtilsManualTest.[engine:junit-jupiter]/[class:org.apache.tika.io.FilenameUtilsManualTest]/[method:resolveWithinRejectsExistingSymbolicLinkOutsideDirectory(java.nio.file.Path)]
9fbb378f6e497c07,org.apache.tika.io.FilenameUtils,getEmbeddedPath,(Lorg/apache/tika/metadata/Metadata;)Ljava/lang/String;,349,org.pitest.mutationtest.engine.gregor.mutators.returns.EmptyObjectReturnValsMutator,"replaced return value with """" for org/apache/tika/io/FilenameUtils::getEmbeddedPath",NO_COVERAGE,KILLED,,org.apache.tika.io.FilenameUtilsManualTest.[engine:junit-jupiter]/[class:org.apache.tika.io.FilenameUtilsManualTest]/[method:embeddedPathUsesInternalPathWhenResourcePathIsMissing()]
a1a852785661be48,org.apache.tika.io.FilenameUtils,resolveWithin,(Ljava/nio/file/Path;Ljava/lang/String;)Ljava/nio/file/Path;,305,org.pitest.mutationtest.engine.gregor.mutators.RemoveConditionalMutator_EQUAL_ELSE,removed conditional - replaced equality check with false,NO_COVERAGE,KILLED,,org.apache.tika.io.FilenameUtilsManualTest.[engine:junit-jupiter]/[class:org.apache.tika.io.FilenameUtilsManualTest]/[method:resolveWithinRejectsExistingSymbolicLinkOutsideDirectory(java.nio.file.Path)]
bea0dfafdfe37623,org.apache.tika.io.FilenameUtils,resolveWithin,(Ljava/nio/file/Path;Ljava/lang/String;)Ljava/nio/file/Path;,308,org.pitest.mutationtest.engine.gregor.mutators.RemoveConditionalMutator_EQUAL_ELSE,removed conditional - replaced equality check with false,NO_COVERAGE,KILLED,,org.apache.tika.io.FilenameUtilsManualTest.[engine:junit-jupiter]/[class:org.apache.tika.io.FilenameUtilsManualTest]/[method:resolveWithinRejectsExistingSymbolicLinkOutsideDirectory(java.nio.file.Path)]
c1d0614acd5ec566,org.apache.tika.io.LookaheadInputStream,<init>,(Ljava/io/InputStream;I)V,67,org.pitest.mutationtest.engine.gregor.mutators.RemoveConditionalMutator_EQUAL_ELSE,removed conditional - replaced equality check with false,SURVIVED,KILLED,,org.apache.tika.io.LookaheadInputStreamManualTest.[engine:junit-jupiter]/[class:org.apache.tika.io.LookaheadInputStreamManualTest]/[method:closeRestoresThePositionAtConstruction()]
c98f2b1125885598,org.apache.tika.io.LookaheadInputStream,fill,()V,86,org.pitest.mutationtest.engine.gregor.mutators.VoidMethodCallMutator,removed call to org/apache/tika/io/LookaheadInputStream::close,SURVIVED,KILLED,,org.apache.tika.io.LookaheadInputStreamManualTest.[engine:junit-jupiter]/[class:org.apache.tika.io.LookaheadInputStreamManualTest]/[method:shortReadsFillIncrementallyAndRestoreAtEndOfStream()]
d4d7a59b4aa026ae,org.apache.tika.io.LookaheadInputStream,read,([BII)I,110,org.pitest.mutationtest.engine.gregor.mutators.returns.PrimitiveReturnsMutator,replaced int return with 0 for org/apache/tika/io/LookaheadInputStream::read,NO_COVERAGE,KILLED,,org.apache.tika.io.LookaheadInputStreamManualTest.[engine:junit-jupiter]/[class:org.apache.tika.io.LookaheadInputStreamManualTest]/[method:arrayReadHonorsOffsetLengthAndEndOfLookahead()]
f29f5d7e97c1ce1e,org.apache.tika.io.LookaheadInputStream,read,([BII)I,105,org.pitest.mutationtest.engine.gregor.mutators.MathMutator,Replaced integer subtraction with addition,NO_COVERAGE,KILLED,,org.apache.tika.io.LookaheadInputStreamManualTest.[engine:junit-jupiter]/[class:org.apache.tika.io.LookaheadInputStreamManualTest]/[method:arrayReadReturnsOnlyBytesRemainingAfterAByteRead()]
f45bc6d9d34cd244,org.apache.tika.io.LookaheadInputStream,read,([BII)I,104,org.pitest.mutationtest.engine.gregor.mutators.ConditionalsBoundaryMutator,changed conditional boundary,NO_COVERAGE,KILLED,,org.apache.tika.io.LookaheadInputStreamManualTest.[engine:junit-jupiter]/[class:org.apache.tika.io.LookaheadInputStreamManualTest]/[method:arrayReadHonorsOffsetLengthAndEndOfLookahead()]
ffb35b90eb1c633b,org.apache.tika.io.FilenameUtils,lookupExtension,(Ljava/lang/String;)Ljava/lang/String;,416,org.pitest.mutationtest.engine.gregor.mutators.returns.EmptyObjectReturnValsMutator,"replaced return value with """" for org/apache/tika/io/FilenameUtils::lookupExtension",NO_COVERAGE,KILLED,,org.apache.tika.io.FilenameUtilsManualTest.[engine:junit-jupiter]/[class:org.apache.tika.io.FilenameUtilsManualTest]/[method:calculateExtensionUsesBinForAnUnknownMimeType()]
