class,lines_covered,lines_missed,lines_total,lines_pct,branches_covered,branches_missed,branches_total,branches_pct
org.apache.tika.Tika,15,107,122,12.3,1,7,8,12.5
org.apache.tika.concurrent.ConfigurableThreadPoolExecutor,0,0,0,,0,0,0,
org.apache.tika.concurrent.SimpleThreadPoolExecutor,2,1,3,66.67,0,0,0,
org.apache.tika.config.ConfigDeserializer,0,28,28,0.0,0,6,6,0.0
org.apache.tika.config.ConfigValidator,0,6,6,0.0,0,4,4,0.0
org.apache.tika.config.EmbeddedLimits,13,27,40,32.5,2,20,22,9.09
org.apache.tika.config.Initializable,0,0,0,,0,0,0,
org.apache.tika.config.JsonConfig,0,0,0,,0,0,0,
org.apache.tika.config.OutputLimits,15,37,52,28.85,2,22,24,8.33
org.apache.tika.config.ParseContextConfig,18,16,34,52.94,7,9,16,43.75
org.apache.tika.config.SelfConfiguring,0,0,0,,0,0,0,
org.apache.tika.config.ServiceLoader,73,37,110,66.36,20,22,42,47.62
org.apache.tika.config.ServiceLoader$RankedService,0,6,6,0.0,0,0,0,
org.apache.tika.config.TikaActivator,0,29,29,0.0,0,4,4,0.0
org.apache.tika.config.TikaExtras,47,9,56,83.93,25,3,28,89.29
org.apache.tika.config.TikaProgressTracker,12,0,12,100.0,4,0,4,100.0
org.apache.tika.config.TimeoutLimits,0,32,32,0.0,0,18,18,0.0
org.apache.tika.detect.AutoDetectReader,0,45,45,0.0,0,12,12,0.0
org.apache.tika.detect.BOMDetector,29,2,31,93.55,16,2,18,88.89
org.apache.tika.detect.CharsetSupersets,15,4,19,78.95,4,2,6,66.67
org.apache.tika.detect.CompositeDetector,22,22,44,50.0,8,22,30,26.67
org.apache.tika.detect.CompositeEncodingDetector,13,99,112,11.61,3,47,50,6.0
org.apache.tika.detect.DefaultDetector,42,22,64,65.62,18,20,38,47.37
org.apache.tika.detect.DefaultEncodingDetector,2,4,6,33.33,0,0,0,
org.apache.tika.detect.DefaultProbDetector,0,20,20,0.0,0,2,2,0.0
org.apache.tika.detect.DetectHelper,0,20,20,0.0,0,10,10,0.0
org.apache.tika.detect.Detector,0,0,0,,0,0,0,
org.apache.tika.detect.EmptyDetector,2,1,3,66.67,0,0,0,
org.apache.tika.detect.EncodingDetector,0,0,0,,0,0,0,
org.apache.tika.detect.EncodingDetectorContext,0,26,26,0.0,0,16,16,0.0
org.apache.tika.detect.EncodingDetectorContext$Result,0,10,10,0.0,0,0,0,
org.apache.tika.detect.EncodingProbeCache,0,10,10,0.0,0,6,6,0.0
org.apache.tika.detect.EncodingResult,10,12,22,45.45,3,5,8,37.5
org.apache.tika.detect.EncodingResult$ResultType,4,0,4,100.0,0,0,0,
org.apache.tika.detect.FileCommandDetector,29,24,53,54.72,8,10,18,44.44
org.apache.tika.detect.HighByteLetterStats,22,3,25,88.0,22,4,26,84.62
org.apache.tika.detect.MagicDetector,178,18,196,90.82,111,19,130,85.38
org.apache.tika.detect.MetaEncodingDetector,0,0,0,,0,0,0,
org.apache.tika.detect.MetadataCharsetDetector,30,4,34,88.24,16,4,20,80.0
org.apache.tika.detect.NNExampleModelDetector,43,17,60,71.67,7,1,8,87.5
org.apache.tika.detect.NNTrainedModel,42,1,43,97.67,16,0,16,100.0
org.apache.tika.detect.NNTrainedModelBuilder,13,4,17,76.47,0,0,0,
org.apache.tika.detect.NameDetector,30,2,32,93.75,21,1,22,95.45
org.apache.tika.detect.OverrideDetector,1,7,8,12.5,0,4,4,0.0
org.apache.tika.detect.OverrideEncodingDetector,0,14,14,0.0,0,0,0,
org.apache.tika.detect.OverrideEncodingDetector$Config,0,2,2,0.0,0,0,0,
org.apache.tika.detect.TextDetector,28,0,28,100.0,9,1,10,90.0
org.apache.tika.detect.TextStatistics,30,4,34,88.24,21,5,26,80.77
org.apache.tika.detect.TrainedModel,1,0,1,100.0,0,0,0,
org.apache.tika.detect.TrainedModelDetector,46,15,61,75.41,13,3,16,81.25
org.apache.tika.detect.TypeDetector,7,0,7,100.0,4,0,4,100.0
org.apache.tika.detect.XmlRootExtractor,17,8,25,68.0,6,4,10,60.0
org.apache.tika.detect.XmlRootExtractor$ExtractorHandler,4,0,4,100.0,0,0,0,
org.apache.tika.detect.XmlRootExtractor$MalformedCharException,2,0,2,100.0,0,0,0,
org.apache.tika.detect.ZeroSizeFileDetector,7,0,7,100.0,3,1,4,75.0
org.apache.tika.digest.CompositeDigester,0,6,6,0.0,0,2,2,0.0
org.apache.tika.digest.DigestDef,0,25,25,0.0,0,2,2,0.0
org.apache.tika.digest.DigestDef$Algorithm,0,14,14,0.0,0,0,0,
org.apache.tika.digest.DigestDef$Encoding,0,4,4,0.0,0,0,0,
org.apache.tika.digest.DigestHelper,4,20,24,16.67,1,13,14,7.14
org.apache.tika.digest.Digester,0,0,0,,0,0,0,
org.apache.tika.digest.DigesterFactory,0,1,1,0.0,0,0,0,
org.apache.tika.digest.Encoder,0,0,0,,0,0,0,
org.apache.tika.digest.InputStreamDigester,25,3,28,89.29,4,2,6,66.67
org.apache.tika.digest.SkipContainerDocumentDigest,0,2,2,0.0,0,2,2,0.0
org.apache.tika.embedder.Embedder,0,0,0,,0,0,0,
org.apache.tika.embedder.ExternalEmbedder,0,161,161,0.0,0,74,74,0.0
org.apache.tika.exception.AccessPermissionException,0,8,8,0.0,0,0,0,
org.apache.tika.exception.CorruptedFileException,0,4,4,0.0,0,0,0,
org.apache.tika.exception.EmbeddedLimitReachedException,0,10,10,0.0,0,3,3,0.0
org.apache.tika.exception.EmbeddedLimitReachedException$1,0,0,0,,0,0,0,
org.apache.tika.exception.EmbeddedLimitReachedException$LimitType,0,3,3,0.0,0,0,0,
org.apache.tika.exception.EncryptedDocumentException,0,8,8,0.0,0,0,0,
org.apache.tika.exception.FileTooLongException,0,5,5,0.0,0,0,0,
org.apache.tika.exception.RuntimeSAXException,0,2,2,0.0,0,0,0,
org.apache.tika.exception.TikaConfigException,0,4,4,0.0,0,0,0,
org.apache.tika.exception.TikaException,4,0,4,100.0,0,0,0,
org.apache.tika.exception.TikaMemoryLimitException,0,5,5,0.0,0,0,0,
org.apache.tika.exception.TikaTimeoutException,0,2,2,0.0,0,0,0,
org.apache.tika.exception.UnsupportedFormatException,0,2,2,0.0,0,0,0,
org.apache.tika.exception.WriteLimitReachedException,13,9,22,59.09,6,6,12,50.0
org.apache.tika.exception.ZeroByteFileException,0,3,3,0.0,0,0,0,
org.apache.tika.exception.ZeroByteFileException$IgnoreZeroByteFileException,0,1,1,0.0,0,0,0,
org.apache.tika.extractor.ContainerExtractor,0,0,0,,0,0,0,
org.apache.tika.extractor.DefaultEmbeddedStreamTranslator,9,11,20,45.0,0,8,8,0.0
org.apache.tika.extractor.DocumentSelector,0,0,0,,0,0,0,
org.apache.tika.extractor.EmbeddedDocumentByteStoreExtractorFactory,0,0,0,,0,0,0,
org.apache.tika.extractor.EmbeddedDocumentExtractor,0,0,0,,0,0,0,
org.apache.tika.extractor.EmbeddedDocumentExtractorFactory,0,0,0,,0,0,0,
org.apache.tika.extractor.EmbeddedDocumentUtil,32,75,107,29.91,15,47,62,24.19
org.apache.tika.extractor.EmbeddedDocumentUtil$EmbeddedResourcePrefix,8,0,8,100.0,0,0,0,
org.apache.tika.extractor.EmbeddedResourceHandler,0,0,0,,0,0,0,
org.apache.tika.extractor.EmbeddedStreamTranslator,0,0,0,,0,0,0,
org.apache.tika.extractor.ParentContentHandler,0,4,4,0.0,0,0,0,
org.apache.tika.extractor.ParserContainerExtractor,0,14,14,0.0,0,0,0,
org.apache.tika.extractor.ParserContainerExtractor$RecursiveParser,0,16,16,0.0,0,2,2,0.0
org.apache.tika.extractor.ParsingEmbeddedDocumentExtractor,5,68,73,6.85,0,54,54,0.0
org.apache.tika.extractor.SkipEmbeddedDocumentSelector,0,2,2,0.0,0,0,0,
org.apache.tika.extractor.StandardExtractorFactory,2,0,2,100.0,0,0,0,
org.apache.tika.extractor.UnpackHandler,0,0,0,,0,0,0,
org.apache.tika.extractor.UnpackSelector,0,1,1,0.0,0,0,0,
org.apache.tika.extractor.UnpackSelector$AcceptAll,0,2,2,0.0,0,0,0,
org.apache.tika.io.BoundedInputStream,0,34,34,0.0,0,16,16,0.0
org.apache.tika.io.ByteArraySource,34,10,44,77.27,9,7,16,56.25
org.apache.tika.io.CachingInputStream,56,24,80,70.0,24,14,38,63.16
org.apache.tika.io.CachingSource,104,13,117,88.89,62,12,74,83.78
org.apache.tika.io.EndianUtils,31,90,121,25.62,10,18,28,35.71
org.apache.tika.io.EndianUtils$BufferUnderrunException,2,0,2,100.0,0,0,0,
org.apache.tika.io.FileSource,35,8,43,81.4,10,4,14,71.43
org.apache.tika.io.FilenameUtils,154,21,175,88.0,86,24,110,78.18
org.apache.tika.io.LookaheadInputStream,32,8,40,80.0,14,2,16,87.5
org.apache.tika.io.SpoolingStrategy,0,31,31,0.0,0,18,18,0.0
org.apache.tika.io.StreamCache,75,14,89,84.27,29,13,42,69.05
org.apache.tika.io.StreamCache$CacheInputStream,0,15,15,0.0,0,8,8,0.0
org.apache.tika.io.TailStream,61,0,61,100.0,22,0,22,100.0
org.apache.tika.io.TemporaryResources,26,24,50,52.0,6,12,18,33.33
org.apache.tika.io.TikaInputSource,0,0,0,,0,0,0,
org.apache.tika.io.TikaInputStream,108,92,200,54.0,36,40,76,47.37
org.apache.tika.language.detect.LanguageConfidence,0,2,2,0.0,0,0,0,
org.apache.tika.language.detect.LanguageDetector,0,43,43,0.0,0,8,8,0.0
org.apache.tika.language.detect.LanguageHandler,0,9,9,0.0,0,0,0,
org.apache.tika.language.detect.LanguageNames,5,8,13,38.46,0,0,0,
org.apache.tika.language.detect.LanguageResult,0,23,23,0.0,0,8,8,0.0
org.apache.tika.language.detect.LanguageWriter,0,12,12,0.0,0,0,0,
org.apache.tika.language.translate.DefaultTranslator,5,21,26,19.23,0,12,12,0.0
org.apache.tika.language.translate.EmptyTranslator,0,4,4,0.0,0,0,0,
org.apache.tika.language.translate.Translator,0,0,0,,0,0,0,
org.apache.tika.metadata.AccessPermissions,0,9,9,0.0,0,0,0,
org.apache.tika.metadata.Audio,0,9,9,0.0,0,0,0,
org.apache.tika.metadata.ClimateForcast,0,0,0,,0,0,0,
org.apache.tika.metadata.CreativeCommons,0,0,0,,0,0,0,
org.apache.tika.metadata.DWG,0,6,6,0.0,0,0,0,
org.apache.tika.metadata.Database,0,4,4,0.0,0,0,0,
org.apache.tika.metadata.DublinCore,17,0,17,100.0,0,0,0,
org.apache.tika.metadata.Epub,0,2,2,0.0,0,0,0,
org.apache.tika.metadata.ExternalProcess,0,8,8,0.0,0,0,0,
org.apache.tika.metadata.FileSystem,0,3,3,0.0,0,0,0,
org.apache.tika.metadata.Font,0,1,1,0.0,0,0,0,
org.apache.tika.metadata.Geographic,4,0,4,100.0,0,0,0,
org.apache.tika.metadata.Google,0,9,9,0.0,0,0,0,
org.apache.tika.metadata.HTML,0,2,2,0.0,0,0,0,
org.apache.tika.metadata.HttpHeaders,8,0,8,100.0,0,0,0,
org.apache.tika.metadata.IPTC,0,106,106,0.0,0,0,0,
org.apache.tika.metadata.MAPI,0,33,33,0.0,0,0,0,
org.apache.tika.metadata.MachineMetadata,0,8,8,0.0,0,0,0,
org.apache.tika.metadata.MachineMetadata$Endian,0,11,11,0.0,0,2,2,0.0
org.apache.tika.metadata.Message,0,21,21,0.0,0,0,0,
org.apache.tika.metadata.Metadata,166,94,260,63.85,89,65,154,57.79
org.apache.tika.metadata.Metadata$1,15,1,16,93.75,5,1,6,83.33
org.apache.tika.metadata.Office,56,0,56,100.0,0,0,0,
org.apache.tika.metadata.OfficeOpenXMLCore,0,7,7,0.0,0,0,0,
org.apache.tika.metadata.OfficeOpenXMLExtended,12,0,12,100.0,0,0,0,
org.apache.tika.metadata.PDF,0,62,62,0.0,0,0,0,
org.apache.tika.metadata.PST,0,2,2,0.0,0,0,0,
org.apache.tika.metadata.PageAnchoring,21,1,22,95.45,13,1,14,92.86
org.apache.tika.metadata.PagedText,0,1,1,0.0,0,0,0,
org.apache.tika.metadata.PassthroughPrefix,8,6,14,57.14,0,0,0,
org.apache.tika.metadata.PassthroughPrefix$Provenance,1,0,1,100.0,0,0,0,
org.apache.tika.metadata.Photoshop,0,17,17,0.0,0,0,0,
org.apache.tika.metadata.Property,64,28,92,69.57,17,19,36,47.22
org.apache.tika.metadata.Property$PropertyType,6,0,6,100.0,0,0,0,
org.apache.tika.metadata.Property$ValueType,3,0,3,100.0,0,0,0,
org.apache.tika.metadata.PropertyTypeException,6,4,10,60.0,0,2,2,0.0
org.apache.tika.metadata.QuattroPro,0,4,4,0.0,0,0,0,
org.apache.tika.metadata.QuickTime,0,1,1,0.0,0,0,0,
org.apache.tika.metadata.RTFMetadata,0,7,7,0.0,0,0,0,
org.apache.tika.metadata.Rendering,0,2,2,0.0,0,0,0,
org.apache.tika.metadata.ReservedNamespaces,3,0,3,100.0,6,0,6,100.0
org.apache.tika.metadata.TIFF,23,0,23,100.0,0,0,0,
org.apache.tika.metadata.TikaCoreProperties,106,0,106,100.0,0,0,0,
org.apache.tika.metadata.TikaCoreProperties$EmbeddedResourceType,10,0,10,100.0,0,0,0,
org.apache.tika.metadata.TikaMimeKeys,0,0,0,,0,0,0,
org.apache.tika.metadata.TikaPagedText,4,0,4,100.0,0,0,0,
org.apache.tika.metadata.Video,0,2,2,0.0,0,0,0,
org.apache.tika.metadata.WARC,0,4,4,0.0,0,0,0,
org.apache.tika.metadata.WordPerfect,0,7,7,0.0,0,0,0,
org.apache.tika.metadata.XMP,11,0,11,100.0,0,0,0,
org.apache.tika.metadata.XMPDC,0,17,17,0.0,0,0,0,
org.apache.tika.metadata.XMPDM,0,61,61,0.0,0,0,0,
org.apache.tika.metadata.XMPDM$ChannelTypePropertyConverter,0,22,22,0.0,0,20,20,0.0
org.apache.tika.metadata.XMPIdq,0,1,1,0.0,0,0,0,
org.apache.tika.metadata.XMPMM,0,18,18,0.0,0,0,0,
org.apache.tika.metadata.XMPPDF,0,4,4,0.0,0,0,0,
org.apache.tika.metadata.XMPRights,0,5,5,0.0,0,0,0,
org.apache.tika.metadata.XMPTIFF,0,12,12,0.0,0,0,0,
org.apache.tika.metadata.Zip,0,20,20,0.0,0,0,0,
org.apache.tika.metadata.filter.CaptureGroupMetadataFilter,0,42,42,0.0,0,12,12,0.0
org.apache.tika.metadata.filter.CaptureGroupMetadataFilter$Config,0,1,1,0.0,0,0,0,
org.apache.tika.metadata.filter.ClearByAttachmentTypeMetadataFilter,0,35,35,0.0,0,12,12,0.0
org.apache.tika.metadata.filter.ClearByAttachmentTypeMetadataFilter$Config,0,2,2,0.0,0,0,0,
org.apache.tika.metadata.filter.CompositeMetadataFilter,0,19,19,0.0,0,4,4,0.0
org.apache.tika.metadata.filter.DateNormalizingMetadataFilter,0,34,34,0.0,0,10,10,0.0
org.apache.tika.metadata.filter.DateNormalizingMetadataFilter$Config,0,2,2,0.0,0,0,0,
org.apache.tika.metadata.filter.DefaultMetadataFilter,0,9,9,0.0,0,0,0,
org.apache.tika.metadata.filter.ExcludeFieldMetadataFilter,0,17,17,0.0,0,2,2,0.0
org.apache.tika.metadata.filter.ExcludeFieldMetadataFilter$Config,0,2,2,0.0,0,0,0,
org.apache.tika.metadata.filter.FieldNameMappingFilter,0,34,34,0.0,0,16,16,0.0
org.apache.tika.metadata.filter.FieldNameMappingFilter$Config,0,3,3,0.0,0,0,0,
org.apache.tika.metadata.filter.GeoPointMetadataFilter,0,19,19,0.0,0,4,4,0.0
org.apache.tika.metadata.filter.GeoPointMetadataFilter$Config,0,2,2,0.0,0,0,0,
org.apache.tika.metadata.filter.IncludeFieldMetadataFilter,0,17,17,0.0,0,4,4,0.0
org.apache.tika.metadata.filter.IncludeFieldMetadataFilter$Config,0,2,2,0.0,0,0,0,
org.apache.tika.metadata.filter.LegacyKeyMigrationFilter,64,3,67,95.52,45,5,50,90.0
org.apache.tika.metadata.filter.LegacyKeyMigrationFilter$Config,3,0,3,100.0,0,0,0,
org.apache.tika.metadata.filter.LegacyKeyMigrationFilter$Direction,1,0,1,100.0,0,0,0,
org.apache.tika.metadata.filter.MetadataFilter,5,1,6,83.33,0,0,0,
org.apache.tika.metadata.filter.MetadataFilterBase,5,0,5,100.0,2,0,2,100.0
org.apache.tika.metadata.filter.NoOpFilter,0,3,3,0.0,0,0,0,
org.apache.tika.metadata.filter.RemoveByMimeMetadataFilter,0,23,23,0.0,0,4,4,0.0
org.apache.tika.metadata.filter.RemoveByMimeMetadataFilter$Config,0,2,2,0.0,0,0,0,
org.apache.tika.metadata.writefilter.MetadataWriteLimiter,0,0,0,,0,0,0,
org.apache.tika.metadata.writefilter.MetadataWriteLimiterFactory,0,0,0,,0,0,0,
org.apache.tika.metadata.writefilter.StandardMetadataLimiter,0,189,189,0.0,0,100,100,0.0
org.apache.tika.metadata.writefilter.StandardMetadataLimiter$StringSizePair,0,5,5,0.0,0,0,0,
org.apache.tika.metadata.writefilter.StandardMetadataLimiterFactory,0,37,37,0.0,0,10,10,0.0
org.apache.tika.mime.AndClause,12,0,12,100.0,6,0,6,100.0
org.apache.tika.mime.Clause,0,0,0,,0,0,0,
org.apache.tika.mime.HexCoDec,0,25,25,0.0,0,18,18,0.0
org.apache.tika.mime.Magic,18,6,24,75.0,6,6,12,50.0
org.apache.tika.mime.MagicMatch,14,0,14,100.0,2,0,2,100.0
org.apache.tika.mime.MediaType,125,30,155,80.65,67,23,90,74.44
org.apache.tika.mime.MediaTypeRegistry,47,4,51,92.16,37,5,42,88.1
org.apache.tika.mime.MimeType,75,27,102,73.53,32,58,90,35.56
org.apache.tika.mime.MimeType$RootXML,17,6,23,73.91,14,2,16,87.5
org.apache.tika.mime.MimeTypeException,2,2,4,50.0,0,0,0,
org.apache.tika.mime.MimeTypes,168,23,191,87.96,90,16,106,84.91
org.apache.tika.mime.MimeTypesFactory,31,14,45,68.89,13,3,16,81.25
org.apache.tika.mime.MimeTypesReader,120,27,147,81.63,56,4,60,93.33
org.apache.tika.mime.MimeTypesReader$ClauseRecord,21,0,21,100.0,10,0,10,100.0
org.apache.tika.mime.MimeTypesReader$MinShouldMatchVal,4,2,6,66.67,0,0,0,
org.apache.tika.mime.MimeTypesReaderMetKeys,0,0,0,,0,0,0,
org.apache.tika.mime.MinShouldMatchClause,24,0,24,100.0,15,1,16,93.75
org.apache.tika.mime.OrClause,14,0,14,100.0,6,0,6,100.0
org.apache.tika.mime.Patterns,69,8,77,89.61,42,22,64,65.62
org.apache.tika.mime.Patterns$LengthComparator,4,0,4,100.0,2,0,2,100.0
org.apache.tika.mime.ProbabilisticMimeDetectionSelector,174,37,211,82.46,96,50,146,65.75
org.apache.tika.mime.ProbabilisticMimeDetectionSelector$Builder,0,22,22,0.0,0,0,0,
org.apache.tika.parser.AbstractEncodingDetectorParser,0,13,13,0.0,0,2,2,0.0
org.apache.tika.parser.AbstractExternalProcessParser,0,10,10,0.0,0,0,0,
org.apache.tika.parser.AbstractParser,0,3,3,0.0,0,0,0,
org.apache.tika.parser.AutoDetectParser,55,20,75,73.33,13,13,26,50.0
org.apache.tika.parser.AutoDetectParserConfig,8,5,13,61.54,0,0,0,
org.apache.tika.parser.AutoDetectParserConfig$1,2,0,2,100.0,0,0,0,
org.apache.tika.parser.CompositeParser,74,55,129,57.36,28,36,64,43.75
org.apache.tika.parser.CryptoParser,0,29,29,0.0,0,12,12,0.0
org.apache.tika.parser.DefaultParser,40,33,73,54.79,15,21,36,41.67
org.apache.tika.parser.DelegatingParser,1,4,5,20.0,0,0,0,
org.apache.tika.parser.EmptyParser,7,0,7,100.0,0,0,0,
org.apache.tika.parser.ErrorParser,4,0,4,100.0,0,0,0,
org.apache.tika.parser.MetadataOnlyParse,0,1,1,0.0,0,0,0,
org.apache.tika.parser.NetworkParser,0,19,19,0.0,0,2,2,0.0
org.apache.tika.parser.NetworkParser$1,0,3,3,0.0,0,0,0,
org.apache.tika.parser.NetworkParser$MetaHandler,0,9,9,0.0,0,8,8,0.0
org.apache.tika.parser.NetworkParser$ParsingTask,0,29,29,0.0,0,2,2,0.0
org.apache.tika.parser.ParseContext,34,28,62,54.84,15,25,40,37.5
org.apache.tika.parser.ParseContext$StringJsonConfig,1,0,1,100.0,0,0,0,
org.apache.tika.parser.ParseRecord,37,26,63,58.73,1,7,8,12.5
org.apache.tika.parser.Parser,0,0,0,,0,0,0,
org.apache.tika.parser.ParserDecorator,13,6,19,68.42,2,10,12,16.67
org.apache.tika.parser.ParserDecorator$MimeFilteringDecorator,15,3,18,83.33,7,1,8,87.5
org.apache.tika.parser.ParserPostProcessor,0,13,13,0.0,0,2,2,0.0
org.apache.tika.parser.ParsingIntent,1,0,1,100.0,0,0,0,
org.apache.tika.parser.ParsingReader,0,53,53,0.0,0,12,12,0.0
org.apache.tika.parser.ParsingReader$ParsingTask,0,13,13,0.0,0,2,2,0.0
org.apache.tika.parser.PasswordProvider,0,0,0,,0,0,0,
org.apache.tika.parser.RecursiveParserWrapper,32,25,57,56.14,3,15,18,16.67
org.apache.tika.parser.RecursiveParserWrapper$EmbeddedParserDecorator,9,47,56,16.07,1,15,16,6.25
org.apache.tika.parser.RecursiveParserWrapper$ParserState,5,0,5,100.0,0,0,0,
org.apache.tika.parser.RecursiveParserWrapper$RecursivelySecureContentHandler,20,21,41,48.78,4,12,16,25.0
org.apache.tika.parser.RecursiveParserWrapper$SecureHandlerCounter,5,3,8,62.5,0,0,0,
org.apache.tika.parser.RegexCaptureParser,41,15,56,73.21,19,7,26,73.08
org.apache.tika.parser.RegexCaptureParserConfig,10,4,14,71.43,0,0,0,
org.apache.tika.parser.RenderingParser,0,0,0,,0,0,0,
org.apache.tika.parser.SimplePasswordProvider,0,9,9,0.0,0,0,0,
org.apache.tika.parser.StatefulParser,2,0,2,100.0,0,0,0,
org.apache.tika.parser.external.ExternalParser,23,96,119,19.33,4,52,56,7.14
org.apache.tika.parser.external.ExternalParserConfig,15,33,48,31.25,0,0,0,
org.apache.tika.parser.multiple.AbstractMultipleParser,74,17,91,81.32,38,12,50,76.0
org.apache.tika.parser.multiple.AbstractMultipleParser$1,0,0,0,,0,0,0,
org.apache.tika.parser.multiple.AbstractMultipleParser$MetadataPolicy,5,0,5,100.0,0,0,0,
org.apache.tika.parser.multiple.FallbackParser,7,0,7,100.0,2,0,2,100.0
org.apache.tika.parser.multiple.SupplementingParser,11,0,11,100.0,4,0,4,100.0
org.apache.tika.quality.TextQualityComparison,0,16,16,0.0,0,0,0,
org.apache.tika.quality.TextQualityDetector,0,0,0,,0,0,0,
org.apache.tika.quality.TextQualityScore,0,17,17,0.0,0,2,2,0.0
org.apache.tika.renderer.CompositeRenderer,13,16,29,44.83,1,9,10,10.0
org.apache.tika.renderer.PageBasedRenderResults,0,13,13,0.0,0,4,4,0.0
org.apache.tika.renderer.PageRangeRequest,0,14,14,0.0,0,10,10,0.0
org.apache.tika.renderer.RenderRequest,0,0,0,,0,0,0,
org.apache.tika.renderer.RenderResult,0,21,21,0.0,0,6,6,0.0
org.apache.tika.renderer.RenderResult$1,0,3,3,0.0,0,0,0,
org.apache.tika.renderer.RenderResult$STATUS,0,4,4,0.0,0,0,0,
org.apache.tika.renderer.RenderResults,0,10,10,0.0,0,0,0,
org.apache.tika.renderer.Renderer,0,0,0,,0,0,0,
org.apache.tika.renderer.RenderingState,0,1,1,0.0,0,0,0,
org.apache.tika.renderer.RenderingTracker,0,3,3,0.0,0,0,0,
org.apache.tika.sax.AbstractRecursiveParserWrapperHandler,10,9,19,52.63,0,2,2,0.0
org.apache.tika.sax.BasicContentHandlerFactory,50,48,98,51.02,24,39,63,38.1
org.apache.tika.sax.BasicContentHandlerFactory$1,0,0,0,,0,0,0,
org.apache.tika.sax.BasicContentHandlerFactory$HANDLER_TYPE,3,0,3,100.0,0,0,0,
org.apache.tika.sax.BasicContentHandlerFactory$NoOpContentHandler,1,0,1,100.0,0,0,0,
org.apache.tika.sax.BodyContentHandler,9,2,11,81.82,0,0,0,
org.apache.tika.sax.CleanPhoneText,0,26,26,0.0,0,12,12,0.0
org.apache.tika.sax.ContentHandlerDecorator,44,35,79,55.7,4,8,12,33.33
org.apache.tika.sax.ContentHandlerDecoratorFactory,0,0,0,,0,0,0,
org.apache.tika.sax.ContentHandlerFactory,0,1,1,0.0,0,0,0,
org.apache.tika.sax.DIFContentHandler,0,76,76,0.0,0,20,20,0.0
org.apache.tika.sax.ElementMappingContentHandler,0,18,18,0.0,0,6,6,0.0
org.apache.tika.sax.ElementMappingContentHandler$TargetElement,0,19,19,0.0,0,4,4,0.0
org.apache.tika.sax.EmbeddedContentHandler,0,4,4,0.0,0,0,0,
org.apache.tika.sax.EndDocumentShieldingContentHandler,0,8,8,0.0,0,0,0,
org.apache.tika.sax.ExpandedTitleContentHandler,0,21,21,0.0,0,12,12,0.0
org.apache.tika.sax.Link,10,41,51,19.61,0,18,18,0.0
org.apache.tika.sax.LinkBuilder,25,2,27,92.59,7,1,8,87.5
org.apache.tika.sax.LinkContentHandler,43,11,54,79.63,24,10,34,70.59
org.apache.tika.sax.OfflineContentHandler,3,0,3,100.0,0,0,0,
org.apache.tika.sax.PhoneExtractingContentHandler,0,19,19,0.0,0,2,2,0.0
org.apache.tika.sax.RecursiveParserWrapperHandler,29,18,47,61.7,9,11,20,45.0
org.apache.tika.sax.RichTextContentHandler,10,0,10,100.0,6,2,8,75.0
org.apache.tika.sax.SAXOutputConfig,11,3,14,78.57,0,0,0,
org.apache.tika.sax.SafeContentHandler,45,15,60,75.0,22,16,38,57.89
org.apache.tika.sax.SafeContentHandler$Output,0,0,0,,0,0,0,
org.apache.tika.sax.SafeContentHandler$StringOutput,0,5,5,0.0,0,0,0,
org.apache.tika.sax.SecureContentHandler,57,6,63,90.48,16,6,22,72.73
org.apache.tika.sax.SecureContentHandler$SecureSAXException,4,0,4,100.0,1,1,2,50.0
org.apache.tika.sax.StandardOrganizations,0,109,109,0.0,0,0,0,
org.apache.tika.sax.StandardReference,0,27,27,0.0,0,4,4,0.0
org.apache.tika.sax.StandardReference$StandardReferenceBuilder,0,13,13,0.0,0,0,0,
org.apache.tika.sax.StandardsExtractingContentHandler,0,30,30,0.0,0,6,6,0.0
org.apache.tika.sax.StandardsText,0,42,42,0.0,0,20,20,0.0
org.apache.tika.sax.StoppingEarlyException,0,2,2,0.0,0,0,0,
org.apache.tika.sax.StreamingContentHandlerFactory,0,0,0,,0,0,0,
org.apache.tika.sax.StrictXHTMLValidator,56,22,78,71.79,18,16,34,52.94
org.apache.tika.sax.StrictXHTMLValidator$QName,12,1,13,92.31,6,10,16,37.5
org.apache.tika.sax.TaggedContentHandler,3,9,12,25.0,0,8,8,0.0
org.apache.tika.sax.TaggedSAXException,4,1,5,80.0,0,0,0,
org.apache.tika.sax.TeeContentHandler,0,36,36,0.0,0,22,22,0.0
org.apache.tika.sax.TextAndAttributeContentHandler,0,15,15,0.0,0,4,4,0.0
org.apache.tika.sax.TextContentHandler,0,21,21,0.0,0,2,2,0.0
org.apache.tika.sax.ToHTMLContentHandler,15,0,15,100.0,4,0,4,100.0
org.apache.tika.sax.ToMarkdownContentHandler,254,9,263,96.58,141,18,159,88.68
org.apache.tika.sax.ToTextContentHandler,27,9,36,75.0,7,7,14,50.0
org.apache.tika.sax.ToXMLContentHandler,88,2,90,97.78,25,3,28,89.29
org.apache.tika.sax.ToXMLContentHandler$ElementInfo,17,1,18,94.44,10,2,12,83.33
org.apache.tika.sax.WriteLimiter,0,0,0,,0,0,0,
org.apache.tika.sax.WriteOutContentHandler,34,12,46,73.91,10,6,16,62.5
org.apache.tika.sax.XHTMLBalancingHandler,16,0,16,100.0,4,0,4,100.0
org.apache.tika.sax.XHTMLBalancingHandler$QName,5,0,5,100.0,3,3,6,50.0
org.apache.tika.sax.XHTMLContentHandler,114,11,125,91.2,43,19,62,69.35
org.apache.tika.sax.XMPContentHandler,0,58,58,0.0,0,8,8,0.0
org.apache.tika.sax.xpath.AttributeMatcher,3,0,3,100.0,0,0,0,
org.apache.tika.sax.xpath.ChildMatcher,4,0,4,100.0,0,0,0,
org.apache.tika.sax.xpath.CompositeMatcher,10,6,16,62.5,4,16,20,20.0
org.apache.tika.sax.xpath.ElementMatcher,3,0,3,100.0,0,0,0,
org.apache.tika.sax.xpath.Matcher,6,0,6,100.0,0,0,0,
org.apache.tika.sax.xpath.MatchingContentHandler,26,7,33,78.79,14,6,20,70.0
org.apache.tika.sax.xpath.NamedAttributeMatcher,5,0,5,100.0,4,0,4,100.0
org.apache.tika.sax.xpath.NamedElementMatcher,7,0,7,100.0,4,0,4,100.0
org.apache.tika.sax.xpath.NodeMatcher,4,1,5,80.0,0,0,0,
org.apache.tika.sax.xpath.SubtreeMatcher,8,2,10,80.0,1,3,4,25.0
org.apache.tika.sax.xpath.TextMatcher,3,0,3,100.0,0,0,0,
org.apache.tika.sax.xpath.XPathParser,44,6,50,88.0,25,7,32,78.12
org.apache.tika.utils.CharsetUtils,62,19,81,76.54,25,7,32,78.12
org.apache.tika.utils.CompareUtils,7,1,8,87.5,4,0,4,100.0
org.apache.tika.utils.ConcurrentUtils,9,2,11,81.82,1,1,2,50.0
org.apache.tika.utils.DateUtils,37,1,38,97.37,12,2,14,85.71
org.apache.tika.utils.DurationFormatUtils,0,28,28,0.0,0,8,8,0.0
org.apache.tika.utils.ExceptionUtils,10,10,20,50.0,0,6,6,0.0
org.apache.tika.utils.FileProcessResult,13,25,38,34.21,0,0,0,
org.apache.tika.utils.ParserUtils,23,2,25,92.0,12,2,14,85.71
org.apache.tika.utils.ProcessUtils,71,71,142,50.0,12,42,54,22.22
org.apache.tika.utils.RegexUtils,9,1,10,90.0,6,0,6,100.0
org.apache.tika.utils.ServiceLoaderUtils,4,7,11,36.36,0,0,0,
org.apache.tika.utils.StreamGobbler,35,12,47,74.47,16,10,26,61.54
org.apache.tika.utils.StringUtils,11,60,71,15.49,9,50,59,15.25
org.apache.tika.utils.SystemUtils,0,24,24,0.0,0,26,26,0.0
org.apache.tika.utils.XMLReaderUtils,202,220,422,47.87,40,78,118,33.9
org.apache.tika.utils.XMLReaderUtils$1,1,2,3,33.33,0,0,0,
org.apache.tika.utils.XMLReaderUtils$2,1,3,4,25.0,0,0,0,
org.apache.tika.utils.XMLReaderUtils$BuiltInPoolSAXParser,7,1,8,87.5,0,0,0,
org.apache.tika.utils.XMLReaderUtils$PoolDOMBuilder,13,0,13,100.0,0,0,0,
org.apache.tika.utils.XMLReaderUtils$PoolSAXParser,9,0,9,100.0,0,0,0,
org.apache.tika.utils.XMLReaderUtils$UnrecognizedPoolSAXParser,0,11,11,0.0,0,0,0,
org.apache.tika.utils.XMLReaderUtils$Xerces2PoolSAXParser,0,13,13,0.0,0,0,0,
org.apache.tika.utils.XMLReaderUtils$XercesPoolSAXParser,0,7,7,0.0,0,0,0,
