class,method,descriptor,line,mutator,description,killing_test,indexes,blocks,status,detected,id
org.apache.tika.io.FilenameUtils,calculateExtension,(Lorg/apache/tika/metadata/Metadata;Ljava/lang/String;)Ljava/lang/String;,393,org.pitest.mutationtest.engine.gregor.mutators.RemoveConditionalMutator_EQUAL_ELSE,removed conditional - replaced equality check with false,,10,1,SURVIVED,False,e8b83566eb240ba8
org.apache.tika.io.FilenameUtils,calculateExtension,(Lorg/apache/tika/metadata/Metadata;Ljava/lang/String;)Ljava/lang/String;,399,org.pitest.mutationtest.engine.gregor.mutators.RemoveConditionalMutator_EQUAL_ELSE,removed conditional - replaced equality check with false,org.apache.tika.io.FilenameUtilsTest.[engine:junit-jupiter]/[class:org.apache.tika.io.FilenameUtilsTest]/[method:testEmbeddedFileNames()],29,5,KILLED,True,7b8d0d0aed4057ea
org.apache.tika.io.FilenameUtils,calculateExtension,(Lorg/apache/tika/metadata/Metadata;Ljava/lang/String;)Ljava/lang/String;,394,org.pitest.mutationtest.engine.gregor.mutators.returns.EmptyObjectReturnValsMutator,"replaced return value with """" for org/apache/tika/io/FilenameUtils::calculateExtension",org.apache.tika.io.FilenameUtilsTest.[engine:junit-jupiter]/[class:org.apache.tika.io.FilenameUtilsTest]/[method:testEmbeddedFileNames()],14,2,KILLED,True,5fcfc1271b136f77
org.apache.tika.io.FilenameUtils,calculateExtension,(Lorg/apache/tika/metadata/Metadata;Ljava/lang/String;)Ljava/lang/String;,400,org.pitest.mutationtest.engine.gregor.mutators.returns.EmptyObjectReturnValsMutator,"replaced return value with """" for org/apache/tika/io/FilenameUtils::calculateExtension",org.apache.tika.io.FilenameUtilsTest.[engine:junit-jupiter]/[class:org.apache.tika.io.FilenameUtilsTest]/[method:testEmbeddedFileNames()],33,6,KILLED,True,742cf7a3892bcce9
org.apache.tika.io.FilenameUtils,calculateExtension,(Lorg/apache/tika/metadata/Metadata;Ljava/lang/String;)Ljava/lang/String;,402,org.pitest.mutationtest.engine.gregor.mutators.returns.EmptyObjectReturnValsMutator,"replaced return value with """" for org/apache/tika/io/FilenameUtils::calculateExtension",,38,7,NO_COVERAGE,False,50a6188a1c4fcf6c
org.apache.tika.io.FilenameUtils,getEmbeddedName,(Lorg/apache/tika/metadata/Metadata;)Ljava/lang/String;,365,org.pitest.mutationtest.engine.gregor.mutators.RemoveConditionalMutator_EQUAL_ELSE,removed conditional - replaced equality check with false,,11,2,SURVIVED,False,90477e90b06b70fc
org.apache.tika.io.FilenameUtils,getEmbeddedName,(Lorg/apache/tika/metadata/Metadata;)Ljava/lang/String;,369,org.pitest.mutationtest.engine.gregor.mutators.RemoveConditionalMutator_EQUAL_ELSE,removed conditional - replaced equality check with false,,27,6,SURVIVED,False,1694949b679ac2b9
org.apache.tika.io.FilenameUtils,getEmbeddedName,(Lorg/apache/tika/metadata/Metadata;)Ljava/lang/String;,373,org.pitest.mutationtest.engine.gregor.mutators.RemoveConditionalMutator_EQUAL_ELSE,removed conditional - replaced equality check with false,,43,10,SURVIVED,False,7e940e2c09b3a398
org.apache.tika.io.FilenameUtils,getEmbeddedName,(Lorg/apache/tika/metadata/Metadata;)Ljava/lang/String;,377,org.pitest.mutationtest.engine.gregor.mutators.RemoveConditionalMutator_EQUAL_ELSE,removed conditional - replaced equality check with false,,59,14,SURVIVED,False,2b9dc58da7588dea
org.apache.tika.io.FilenameUtils,getEmbeddedName,(Lorg/apache/tika/metadata/Metadata;)Ljava/lang/String;,366,org.pitest.mutationtest.engine.gregor.mutators.returns.EmptyObjectReturnValsMutator,"replaced return value with """" for org/apache/tika/io/FilenameUtils::getEmbeddedName",org.apache.tika.io.FilenameUtilsTest.[engine:junit-jupiter]/[class:org.apache.tika.io.FilenameUtilsTest]/[method:testEmbeddedFileNames()],15,3,KILLED,True,d0a09d7b5856c984
org.apache.tika.io.FilenameUtils,getEmbeddedName,(Lorg/apache/tika/metadata/Metadata;)Ljava/lang/String;,370,org.pitest.mutationtest.engine.gregor.mutators.returns.EmptyObjectReturnValsMutator,"replaced return value with """" for org/apache/tika/io/FilenameUtils::getEmbeddedName",,31,7,NO_COVERAGE,False,119b775c81b8cbbf
org.apache.tika.io.FilenameUtils,getEmbeddedName,(Lorg/apache/tika/metadata/Metadata;)Ljava/lang/String;,374,org.pitest.mutationtest.engine.gregor.mutators.returns.EmptyObjectReturnValsMutator,"replaced return value with """" for org/apache/tika/io/FilenameUtils::getEmbeddedName",,47,11,NO_COVERAGE,False,fc0b6ce7fe5e16b1
org.apache.tika.io.FilenameUtils,getEmbeddedName,(Lorg/apache/tika/metadata/Metadata;)Ljava/lang/String;,378,org.pitest.mutationtest.engine.gregor.mutators.returns.EmptyObjectReturnValsMutator,"replaced return value with """" for org/apache/tika/io/FilenameUtils::getEmbeddedName",,63,15,NO_COVERAGE,False,eaa9c5b40458f5f7
org.apache.tika.io.FilenameUtils,getEmbeddedName,(Lorg/apache/tika/metadata/Metadata;)Ljava/lang/String;,380,org.pitest.mutationtest.engine.gregor.mutators.returns.EmptyObjectReturnValsMutator,"replaced return value with """" for org/apache/tika/io/FilenameUtils::getEmbeddedName",,70,17,SURVIVED,False,ee12d71d79b44a2f
org.apache.tika.io.FilenameUtils,getEmbeddedPath,(Lorg/apache/tika/metadata/Metadata;)Ljava/lang/String;,344,org.pitest.mutationtest.engine.gregor.mutators.RemoveConditionalMutator_EQUAL_ELSE,removed conditional - replaced equality check with false,,11,2,SURVIVED,False,b99353ca2c478a9e
org.apache.tika.io.FilenameUtils,getEmbeddedPath,(Lorg/apache/tika/metadata/Metadata;)Ljava/lang/String;,348,org.pitest.mutationtest.engine.gregor.mutators.RemoveConditionalMutator_EQUAL_ELSE,removed conditional - replaced equality check with false,,27,6,SURVIVED,False,29c2617574c375fb
org.apache.tika.io.FilenameUtils,getEmbeddedPath,(Lorg/apache/tika/metadata/Metadata;)Ljava/lang/String;,352,org.pitest.mutationtest.engine.gregor.mutators.RemoveConditionalMutator_EQUAL_ELSE,removed conditional - replaced equality check with false,,43,10,SURVIVED,False,4da927f3c3334f08
org.apache.tika.io.FilenameUtils,getEmbeddedPath,(Lorg/apache/tika/metadata/Metadata;)Ljava/lang/String;,356,org.pitest.mutationtest.engine.gregor.mutators.RemoveConditionalMutator_EQUAL_ELSE,removed conditional - replaced equality check with false,,59,14,SURVIVED,False,d2b6dee78c667d10
org.apache.tika.io.FilenameUtils,getEmbeddedPath,(Lorg/apache/tika/metadata/Metadata;)Ljava/lang/String;,345,org.pitest.mutationtest.engine.gregor.mutators.returns.EmptyObjectReturnValsMutator,"replaced return value with """" for org/apache/tika/io/FilenameUtils::getEmbeddedPath",org.apache.tika.io.FilenameUtilsTest.[engine:junit-jupiter]/[class:org.apache.tika.io.FilenameUtilsTest]/[method:testEmbeddedFilePaths()],15,3,KILLED,True,64aaca4ef7b2a56c
org.apache.tika.io.FilenameUtils,getEmbeddedPath,(Lorg/apache/tika/metadata/Metadata;)Ljava/lang/String;,349,org.pitest.mutationtest.engine.gregor.mutators.returns.EmptyObjectReturnValsMutator,"replaced return value with """" for org/apache/tika/io/FilenameUtils::getEmbeddedPath",,31,7,NO_COVERAGE,False,9fbb378f6e497c07
org.apache.tika.io.FilenameUtils,getEmbeddedPath,(Lorg/apache/tika/metadata/Metadata;)Ljava/lang/String;,353,org.pitest.mutationtest.engine.gregor.mutators.returns.EmptyObjectReturnValsMutator,"replaced return value with """" for org/apache/tika/io/FilenameUtils::getEmbeddedPath",,47,11,NO_COVERAGE,False,7f49c4235d386205
org.apache.tika.io.FilenameUtils,getEmbeddedPath,(Lorg/apache/tika/metadata/Metadata;)Ljava/lang/String;,357,org.pitest.mutationtest.engine.gregor.mutators.returns.EmptyObjectReturnValsMutator,"replaced return value with """" for org/apache/tika/io/FilenameUtils::getEmbeddedPath",,63,15,NO_COVERAGE,False,b7918071238499fa
org.apache.tika.io.FilenameUtils,getEmbeddedPath,(Lorg/apache/tika/metadata/Metadata;)Ljava/lang/String;,359,org.pitest.mutationtest.engine.gregor.mutators.returns.EmptyObjectReturnValsMutator,"replaced return value with """" for org/apache/tika/io/FilenameUtils::getEmbeddedPath",,70,17,SURVIVED,False,f4959b32f7f58478
org.apache.tika.io.FilenameUtils,getName,(Ljava/lang/String;)Ljava/lang/String;,116,org.pitest.mutationtest.engine.gregor.mutators.MathMutator,Replaced integer addition with subtraction,org.apache.tika.io.FilenameUtilsTest.[engine:junit-jupiter]/[class:org.apache.tika.io.FilenameUtilsTest]/[method:testGetName()],41,9,KILLED,True,b6f52d060c997d9e
org.apache.tika.io.FilenameUtils,getName,(Ljava/lang/String;)Ljava/lang/String;,108,org.pitest.mutationtest.engine.gregor.mutators.RemoveConditionalMutator_EQUAL_ELSE,removed conditional - replaced equality check with false,org.apache.tika.io.FilenameUtilsTest.[engine:junit-jupiter]/[class:org.apache.tika.io.FilenameUtilsTest]/[method:testGetName()],4,0,KILLED,True,8dc10106b33b0cba
org.apache.tika.io.FilenameUtils,getName,(Ljava/lang/String;)Ljava/lang/String;,108,org.pitest.mutationtest.engine.gregor.mutators.RemoveConditionalMutator_EQUAL_ELSE,removed conditional - replaced equality check with false,,7,2,SURVIVED,False,88cef027c19f99a4
org.apache.tika.io.FilenameUtils,getName,(Ljava/lang/String;)Ljava/lang/String;,117,org.pitest.mutationtest.engine.gregor.mutators.RemoveConditionalMutator_EQUAL_ELSE,removed conditional - replaced equality check with false,org.apache.tika.io.FilenameUtilsTest.[engine:junit-jupiter]/[class:org.apache.tika.io.FilenameUtilsTest]/[method:testGetName()],49,11,KILLED,True,cfe2dafc3ccda725
org.apache.tika.io.FilenameUtils,getName,(Ljava/lang/String;)Ljava/lang/String;,117,org.pitest.mutationtest.engine.gregor.mutators.RemoveConditionalMutator_EQUAL_ELSE,removed conditional - replaced equality check with false,,53,13,SURVIVED,False,a568b6358d59c06b
org.apache.tika.io.FilenameUtils,getName,(Ljava/lang/String;)Ljava/lang/String;,120,org.pitest.mutationtest.engine.gregor.mutators.returns.EmptyObjectReturnValsMutator,"replaced return value with """" for org/apache/tika/io/FilenameUtils::getName",org.apache.tika.io.FilenameUtilsTest.[engine:junit-jupiter]/[class:org.apache.tika.io.FilenameUtilsTest]/[method:testGetName()],63,15,KILLED,True,9843c952f57871da
org.apache.tika.io.FilenameUtils,getPrefixLength,(Ljava/lang/String;)I,320,org.pitest.mutationtest.engine.gregor.mutators.ConditionalsBoundaryMutator,changed conditional boundary,org.apache.tika.io.FilenameUtilsTest.[engine:junit-jupiter]/[class:org.apache.tika.io.FilenameUtilsTest]/[method:testEmbeddedFilePaths()],9,1,KILLED,True,03a714ef6a6a0f7c
org.apache.tika.io.FilenameUtils,getPrefixLength,(Ljava/lang/String;)I,323,org.pitest.mutationtest.engine.gregor.mutators.ConditionalsBoundaryMutator,changed conditional boundary,,25,6,SURVIVED,False,14aec80848677b0a
org.apache.tika.io.FilenameUtils,getPrefixLength,(Ljava/lang/String;)I,323,org.pitest.mutationtest.engine.gregor.mutators.ConditionalsBoundaryMutator,changed conditional boundary,,30,8,SURVIVED,False,b5adefad4db5fd13
org.apache.tika.io.FilenameUtils,getPrefixLength,(Ljava/lang/String;)I,323,org.pitest.mutationtest.engine.gregor.mutators.RemoveConditionalMutator_EQUAL_ELSE,removed conditional - replaced equality check with false,org.apache.tika.io.FilenameUtilsTest.[engine:junit-jupiter]/[class:org.apache.tika.io.FilenameUtilsTest]/[method:testEmbeddedFilePaths()],20,4,KILLED,True,6c869f5e888ecbd9
org.apache.tika.io.FilenameUtils,getPrefixLength,(Ljava/lang/String;)I,323,org.pitest.mutationtest.engine.gregor.mutators.RemoveConditionalMutator_EQUAL_ELSE,removed conditional - replaced equality check with false,org.apache.tika.io.FilenameUtilsTest.[engine:junit-jupiter]/[class:org.apache.tika.io.FilenameUtilsTest]/[method:testEmbeddedFilePaths()],35,10,KILLED,True,33a6520b4f1cddaa
org.apache.tika.io.FilenameUtils,getPrefixLength,(Ljava/lang/String;)I,320,org.pitest.mutationtest.engine.gregor.mutators.RemoveConditionalMutator_ORDER_ELSE,removed conditional - replaced comparison check with false,org.apache.tika.io.FilenameUtilsTest.[engine:junit-jupiter]/[class:org.apache.tika.io.FilenameUtilsTest]/[method:testEmbeddedFilePaths()],9,1,KILLED,True,16be15ea775fad56
org.apache.tika.io.FilenameUtils,getPrefixLength,(Ljava/lang/String;)I,323,org.pitest.mutationtest.engine.gregor.mutators.RemoveConditionalMutator_ORDER_ELSE,removed conditional - replaced comparison check with false,org.apache.tika.io.FilenameUtilsTest.[engine:junit-jupiter]/[class:org.apache.tika.io.FilenameUtilsTest]/[method:testEmbeddedFilePaths()],25,6,KILLED,True,4d510989e6998d82
org.apache.tika.io.FilenameUtils,getPrefixLength,(Ljava/lang/String;)I,323,org.pitest.mutationtest.engine.gregor.mutators.RemoveConditionalMutator_ORDER_ELSE,removed conditional - replaced comparison check with false,org.apache.tika.io.FilenameUtilsTest.[engine:junit-jupiter]/[class:org.apache.tika.io.FilenameUtilsTest]/[method:testEmbeddedFilePaths()],30,8,KILLED,True,ce52e63f020cc84d
org.apache.tika.io.FilenameUtils,getPrefixLength,(Ljava/lang/String;)I,321,org.pitest.mutationtest.engine.gregor.mutators.returns.PrimitiveReturnsMutator,replaced int return with 0 for org/apache/tika/io/FilenameUtils::getPrefixLength,org.apache.tika.io.FilenameUtilsTest.[engine:junit-jupiter]/[class:org.apache.tika.io.FilenameUtilsTest]/[method:testEmbeddedFilePaths()],13,2,KILLED,True,08028644cbebd58e
org.apache.tika.io.FilenameUtils,getPrefixLength,(Ljava/lang/String;)I,324,org.pitest.mutationtest.engine.gregor.mutators.returns.PrimitiveReturnsMutator,replaced int return with 0 for org/apache/tika/io/FilenameUtils::getPrefixLength,org.apache.tika.io.FilenameUtilsTest.[engine:junit-jupiter]/[class:org.apache.tika.io.FilenameUtilsTest]/[method:testEmbeddedFilePaths()],39,11,KILLED,True,ab519ff1133a7f31
org.apache.tika.io.FilenameUtils,getSanitizedEmbeddedFileName,(Lorg/apache/tika/metadata/Metadata;Ljava/lang/String;I)Ljava/lang/String;,156,org.pitest.mutationtest.engine.gregor.mutators.ConditionalsBoundaryMutator,changed conditional boundary,,52,13,SURVIVED,False,e3d037336fc940f3
org.apache.tika.io.FilenameUtils,getSanitizedEmbeddedFileName,(Lorg/apache/tika/metadata/Metadata;Ljava/lang/String;I)Ljava/lang/String;,189,org.pitest.mutationtest.engine.gregor.mutators.ConditionalsBoundaryMutator,changed conditional boundary,,184,43,SURVIVED,False,0c85e0fc99c3b007
org.apache.tika.io.FilenameUtils,getSanitizedEmbeddedFileName,(Lorg/apache/tika/metadata/Metadata;Ljava/lang/String;I)Ljava/lang/String;,152,org.pitest.mutationtest.engine.gregor.mutators.MathMutator,Replaced integer subtraction with addition,org.apache.tika.io.FilenameUtilsTest.[engine:junit-jupiter]/[class:org.apache.tika.io.FilenameUtilsTest]/[method:testEmbeddedFileNames()],40,10,KILLED,True,650fcba3147e6c9a
org.apache.tika.io.FilenameUtils,getSanitizedEmbeddedFileName,(Lorg/apache/tika/metadata/Metadata;Ljava/lang/String;I)Ljava/lang/String;,171,org.pitest.mutationtest.engine.gregor.mutators.MathMutator,Replaced integer subtraction with addition,org.apache.tika.io.FilenameUtilsTest.[engine:junit-jupiter]/[class:org.apache.tika.io.FilenameUtilsTest]/[method:testEmbeddedFileNames()],122,29,KILLED,True,9bd924c644f46d25
org.apache.tika.io.FilenameUtils,getSanitizedEmbeddedFileName,(Lorg/apache/tika/metadata/Metadata;Ljava/lang/String;I)Ljava/lang/String;,190,org.pitest.mutationtest.engine.gregor.mutators.MathMutator,Replaced integer subtraction with addition,org.apache.tika.io.FilenameUtilsTest.[engine:junit-jupiter]/[class:org.apache.tika.io.FilenameUtilsTest]/[method:testEmbeddedFileNames()],192,45,KILLED,True,ac5b4dcef0b9e2ec
org.apache.tika.io.FilenameUtils,getSanitizedEmbeddedFileName,(Lorg/apache/tika/metadata/Metadata;Ljava/lang/String;I)Ljava/lang/String;,190,org.pitest.mutationtest.engine.gregor.mutators.MathMutator,Replaced integer subtraction with addition,org.apache.tika.io.FilenameUtilsTest.[engine:junit-jupiter]/[class:org.apache.tika.io.FilenameUtilsTest]/[method:testEmbeddedFileNames()],194,45,KILLED,True,d04297314eff2488
org.apache.tika.io.FilenameUtils,getSanitizedEmbeddedFileName,(Lorg/apache/tika/metadata/Metadata;Ljava/lang/String;I)Ljava/lang/String;,147,org.pitest.mutationtest.engine.gregor.mutators.RemoveConditionalMutator_EQUAL_ELSE,removed conditional - replaced equality check with false,org.apache.tika.io.FilenameUtilsTest.[engine:junit-jupiter]/[class:org.apache.tika.io.FilenameUtilsTest]/[method:testEmbeddedFileNames()],10,2,KILLED,True,004e78021ea80aa8
org.apache.tika.io.FilenameUtils,getSanitizedEmbeddedFileName,(Lorg/apache/tika/metadata/Metadata;Ljava/lang/String;I)Ljava/lang/String;,151,org.pitest.mutationtest.engine.gregor.mutators.RemoveConditionalMutator_EQUAL_ELSE,removed conditional - replaced equality check with false,org.apache.tika.io.FilenameUtilsTest.[engine:junit-jupiter]/[class:org.apache.tika.io.FilenameUtilsTest]/[method:testEmbeddedFileNames()],28,6,KILLED,True,8a7a474e1ac77e37
org.apache.tika.io.FilenameUtils,getSanitizedEmbeddedFileName,(Lorg/apache/tika/metadata/Metadata;Ljava/lang/String;I)Ljava/lang/String;,151,org.pitest.mutationtest.engine.gregor.mutators.RemoveConditionalMutator_EQUAL_ELSE,removed conditional - replaced equality check with false,org.apache.tika.io.FilenameUtilsTest.[engine:junit-jupiter]/[class:org.apache.tika.io.FilenameUtilsTest]/[method:testEmbeddedFileNames()],32,8,KILLED,True,7af84a61734a43fa
org.apache.tika.io.FilenameUtils,getSanitizedEmbeddedFileName,(Lorg/apache/tika/metadata/Metadata;Ljava/lang/String;I)Ljava/lang/String;,163,org.pitest.mutationtest.engine.gregor.mutators.RemoveConditionalMutator_EQUAL_ELSE,removed conditional - replaced equality check with false,,87,21,SURVIVED,False,5c00e3be6acae987
org.apache.tika.io.FilenameUtils,getSanitizedEmbeddedFileName,(Lorg/apache/tika/metadata/Metadata;Ljava/lang/String;I)Ljava/lang/String;,167,org.pitest.mutationtest.engine.gregor.mutators.RemoveConditionalMutator_EQUAL_ELSE,removed conditional - replaced equality check with false,org.apache.tika.io.FilenameUtilsTest.[engine:junit-jupiter]/[class:org.apache.tika.io.FilenameUtilsTest]/[method:testEmbeddedFileNames()],101,24,KILLED,True,1dd511f6953d68a0
org.apache.tika.io.FilenameUtils,getSanitizedEmbeddedFileName,(Lorg/apache/tika/metadata/Metadata;Ljava/lang/String;I)Ljava/lang/String;,173,org.pitest.mutationtest.engine.gregor.mutators.RemoveConditionalMutator_EQUAL_ELSE,removed conditional - replaced equality check with false,,130,32,SURVIVED,False,fc58ee0f0444beb5
org.apache.tika.io.FilenameUtils,getSanitizedEmbeddedFileName,(Lorg/apache/tika/metadata/Metadata;Ljava/lang/String;I)Ljava/lang/String;,184,org.pitest.mutationtest.engine.gregor.mutators.RemoveConditionalMutator_EQUAL_ELSE,removed conditional - replaced equality check with false,,173,40,SURVIVED,False,cb24eef5ee1fa07a
org.apache.tika.io.FilenameUtils,getSanitizedEmbeddedFileName,(Lorg/apache/tika/metadata/Metadata;Ljava/lang/String;I)Ljava/lang/String;,156,org.pitest.mutationtest.engine.gregor.mutators.RemoveConditionalMutator_ORDER_ELSE,removed conditional - replaced comparison check with false,,52,13,SURVIVED,False,5c2159a3f4bfdfc2
org.apache.tika.io.FilenameUtils,getSanitizedEmbeddedFileName,(Lorg/apache/tika/metadata/Metadata;Ljava/lang/String;I)Ljava/lang/String;,189,org.pitest.mutationtest.engine.gregor.mutators.RemoveConditionalMutator_ORDER_ELSE,removed conditional - replaced comparison check with false,org.apache.tika.io.FilenameUtilsTest.[engine:junit-jupiter]/[class:org.apache.tika.io.FilenameUtilsTest]/[method:testEmbeddedFileNames()],184,43,KILLED,True,bd742e08bb3414d7
org.apache.tika.io.FilenameUtils,getSanitizedEmbeddedFileName,(Lorg/apache/tika/metadata/Metadata;Ljava/lang/String;I)Ljava/lang/String;,148,org.pitest.mutationtest.engine.gregor.mutators.returns.EmptyObjectReturnValsMutator,"replaced return value with """" for org/apache/tika/io/FilenameUtils::getSanitizedEmbeddedFileName",org.apache.tika.io.FilenameUtilsTest.[engine:junit-jupiter]/[class:org.apache.tika.io.FilenameUtilsTest]/[method:testEmbeddedFileNames()],14,3,KILLED,True,a49b62a7dee087a9
org.apache.tika.io.FilenameUtils,getSanitizedEmbeddedFileName,(Lorg/apache/tika/metadata/Metadata;Ljava/lang/String;I)Ljava/lang/String;,164,org.pitest.mutationtest.engine.gregor.mutators.returns.EmptyObjectReturnValsMutator,"replaced return value with """" for org/apache/tika/io/FilenameUtils::getSanitizedEmbeddedFileName",org.apache.tika.io.FilenameUtilsTest.[engine:junit-jupiter]/[class:org.apache.tika.io.FilenameUtilsTest]/[method:testEmbeddedFileNames()],91,22,KILLED,True,da7f86254e0db71d
org.apache.tika.io.FilenameUtils,getSanitizedEmbeddedFileName,(Lorg/apache/tika/metadata/Metadata;Ljava/lang/String;I)Ljava/lang/String;,174,org.pitest.mutationtest.engine.gregor.mutators.returns.EmptyObjectReturnValsMutator,"replaced return value with """" for org/apache/tika/io/FilenameUtils::getSanitizedEmbeddedFileName",,134,33,NO_COVERAGE,False,c7c9df03db2b77c5
org.apache.tika.io.FilenameUtils,getSanitizedEmbeddedFileName,(Lorg/apache/tika/metadata/Metadata;Ljava/lang/String;I)Ljava/lang/String;,185,org.pitest.mutationtest.engine.gregor.mutators.returns.EmptyObjectReturnValsMutator,"replaced return value with """" for org/apache/tika/io/FilenameUtils::getSanitizedEmbeddedFileName",,177,41,NO_COVERAGE,False,dba8aa0334a453d1
org.apache.tika.io.FilenameUtils,getSanitizedEmbeddedFileName,(Lorg/apache/tika/metadata/Metadata;Ljava/lang/String;I)Ljava/lang/String;,190,org.pitest.mutationtest.engine.gregor.mutators.returns.EmptyObjectReturnValsMutator,"replaced return value with """" for org/apache/tika/io/FilenameUtils::getSanitizedEmbeddedFileName",org.apache.tika.io.FilenameUtilsTest.[engine:junit-jupiter]/[class:org.apache.tika.io.FilenameUtilsTest]/[method:testEmbeddedFileNames()],198,46,KILLED,True,c4f306bf736abe28
org.apache.tika.io.FilenameUtils,getSanitizedEmbeddedFileName,(Lorg/apache/tika/metadata/Metadata;Ljava/lang/String;I)Ljava/lang/String;,192,org.pitest.mutationtest.engine.gregor.mutators.returns.EmptyObjectReturnValsMutator,"replaced return value with """" for org/apache/tika/io/FilenameUtils::getSanitizedEmbeddedFileName",org.apache.tika.io.FilenameUtilsTest.[engine:junit-jupiter]/[class:org.apache.tika.io.FilenameUtilsTest]/[method:testEmbeddedFileNames()],205,47,KILLED,True,1de6f13c32249190
org.apache.tika.io.FilenameUtils,getSanitizedEmbeddedFilePath,(Lorg/apache/tika/metadata/Metadata;Ljava/lang/String;I)Ljava/lang/String;,215,org.pitest.mutationtest.engine.gregor.mutators.ConditionalsBoundaryMutator,changed conditional boundary,,31,6,SURVIVED,False,567b97bf88d29952
org.apache.tika.io.FilenameUtils,getSanitizedEmbeddedFilePath,(Lorg/apache/tika/metadata/Metadata;Ljava/lang/String;I)Ljava/lang/String;,235,org.pitest.mutationtest.engine.gregor.mutators.ConditionalsBoundaryMutator,changed conditional boundary,org.apache.tika.io.FilenameUtilsTest.[engine:junit-jupiter]/[class:org.apache.tika.io.FilenameUtilsTest]/[method:testEmbeddedFilePaths()],133,27,KILLED,True,ba0e3aa5ba1fc3f1
org.apache.tika.io.FilenameUtils,getSanitizedEmbeddedFilePath,(Lorg/apache/tika/metadata/Metadata;Ljava/lang/String;I)Ljava/lang/String;,264,org.pitest.mutationtest.engine.gregor.mutators.ConditionalsBoundaryMutator,changed conditional boundary,,261,58,SURVIVED,False,ec8e98d5fca34700
org.apache.tika.io.FilenameUtils,getSanitizedEmbeddedFilePath,(Lorg/apache/tika/metadata/Metadata;Ljava/lang/String;I)Ljava/lang/String;,265,org.pitest.mutationtest.engine.gregor.mutators.ConditionalsBoundaryMutator,changed conditional boundary,,267,60,SURVIVED,False,3979efc791ac94e9
org.apache.tika.io.FilenameUtils,getSanitizedEmbeddedFilePath,(Lorg/apache/tika/metadata/Metadata;Ljava/lang/String;I)Ljava/lang/String;,236,org.pitest.mutationtest.engine.gregor.mutators.MathMutator,Replaced integer subtraction with addition,org.apache.tika.io.FilenameUtilsTest.[engine:junit-jupiter]/[class:org.apache.tika.io.FilenameUtilsTest]/[method:testEmbeddedFilePaths()],142,30,KILLED,True,2d07f127cf8b188a
org.apache.tika.io.FilenameUtils,getSanitizedEmbeddedFilePath,(Lorg/apache/tika/metadata/Metadata;Ljava/lang/String;I)Ljava/lang/String;,236,org.pitest.mutationtest.engine.gregor.mutators.MathMutator,Replaced integer subtraction with addition,org.apache.tika.io.FilenameUtilsTest.[engine:junit-jupiter]/[class:org.apache.tika.io.FilenameUtilsTest]/[method:testEmbeddedFilePaths()],144,30,KILLED,True,f01aca3e15f392c7
org.apache.tika.io.FilenameUtils,getSanitizedEmbeddedFilePath,(Lorg/apache/tika/metadata/Metadata;Ljava/lang/String;I)Ljava/lang/String;,247,org.pitest.mutationtest.engine.gregor.mutators.MathMutator,Replaced integer subtraction with addition,org.apache.tika.io.FilenameUtilsTest.[engine:junit-jupiter]/[class:org.apache.tika.io.FilenameUtilsTest]/[method:testEmbeddedFilePaths()],193,42,KILLED,True,cd12c0bcdf68f5c2
org.apache.tika.io.FilenameUtils,getSanitizedEmbeddedFilePath,(Lorg/apache/tika/metadata/Metadata;Ljava/lang/String;I)Ljava/lang/String;,266,org.pitest.mutationtest.engine.gregor.mutators.MathMutator,Replaced integer subtraction with addition,org.apache.tika.io.FilenameUtilsTest.[engine:junit-jupiter]/[class:org.apache.tika.io.FilenameUtilsTest]/[method:testEmbeddedFilePaths()],275,62,KILLED,True,8a2ea1a8fc71dd87
org.apache.tika.io.FilenameUtils,getSanitizedEmbeddedFilePath,(Lorg/apache/tika/metadata/Metadata;Ljava/lang/String;I)Ljava/lang/String;,266,org.pitest.mutationtest.engine.gregor.mutators.MathMutator,Replaced integer subtraction with addition,org.apache.tika.io.FilenameUtilsTest.[engine:junit-jupiter]/[class:org.apache.tika.io.FilenameUtilsTest]/[method:testEmbeddedFilePaths()],277,62,KILLED,True,82125c39e3b58957
org.apache.tika.io.FilenameUtils,getSanitizedEmbeddedFilePath,(Lorg/apache/tika/metadata/Metadata;Ljava/lang/String;I)Ljava/lang/String;,210,org.pitest.mutationtest.engine.gregor.mutators.RemoveConditionalMutator_EQUAL_ELSE,removed conditional - replaced equality check with false,org.apache.tika.io.FilenameUtilsTest.[engine:junit-jupiter]/[class:org.apache.tika.io.FilenameUtilsTest]/[method:testEmbeddedFilePaths()],10,2,KILLED,True,cb3280a1487307cc
org.apache.tika.io.FilenameUtils,getSanitizedEmbeddedFilePath,(Lorg/apache/tika/metadata/Metadata;Ljava/lang/String;I)Ljava/lang/String;,225,org.pitest.mutationtest.engine.gregor.mutators.RemoveConditionalMutator_EQUAL_ELSE,removed conditional - replaced equality check with false,,88,17,SURVIVED,False,43237569c5418376
org.apache.tika.io.FilenameUtils,getSanitizedEmbeddedFilePath,(Lorg/apache/tika/metadata/Metadata;Ljava/lang/String;I)Ljava/lang/String;,231,org.pitest.mutationtest.engine.gregor.mutators.RemoveConditionalMutator_EQUAL_ELSE,removed conditional - replaced equality check with false,,117,23,SURVIVED,False,e6e166ea0d9ebfef
org.apache.tika.io.FilenameUtils,getSanitizedEmbeddedFilePath,(Lorg/apache/tika/metadata/Metadata;Ljava/lang/String;I)Ljava/lang/String;,239,org.pitest.mutationtest.engine.gregor.mutators.RemoveConditionalMutator_EQUAL_ELSE,removed conditional - replaced equality check with false,org.apache.tika.io.FilenameUtilsTest.[engine:junit-jupiter]/[class:org.apache.tika.io.FilenameUtilsTest]/[method:testEmbeddedFilePaths()],158,34,KILLED,True,dc7542e3c9594a71
org.apache.tika.io.FilenameUtils,getSanitizedEmbeddedFilePath,(Lorg/apache/tika/metadata/Metadata;Ljava/lang/String;I)Ljava/lang/String;,243,org.pitest.mutationtest.engine.gregor.mutators.RemoveConditionalMutator_EQUAL_ELSE,removed conditional - replaced equality check with false,org.apache.tika.io.FilenameUtilsTest.[engine:junit-jupiter]/[class:org.apache.tika.io.FilenameUtilsTest]/[method:testEmbeddedFilePaths()],172,37,KILLED,True,71bc1a954dc195de
org.apache.tika.io.FilenameUtils,getSanitizedEmbeddedFilePath,(Lorg/apache/tika/metadata/Metadata;Ljava/lang/String;I)Ljava/lang/String;,249,org.pitest.mutationtest.engine.gregor.mutators.RemoveConditionalMutator_EQUAL_ELSE,removed conditional - replaced equality check with false,,201,45,SURVIVED,False,6736c43d084e1a55
org.apache.tika.io.FilenameUtils,getSanitizedEmbeddedFilePath,(Lorg/apache/tika/metadata/Metadata;Ljava/lang/String;I)Ljava/lang/String;,258,org.pitest.mutationtest.engine.gregor.mutators.RemoveConditionalMutator_EQUAL_ELSE,removed conditional - replaced equality check with false,,232,51,SURVIVED,False,55217045bafe0611
org.apache.tika.io.FilenameUtils,getSanitizedEmbeddedFilePath,(Lorg/apache/tika/metadata/Metadata;Ljava/lang/String;I)Ljava/lang/String;,261,org.pitest.mutationtest.engine.gregor.mutators.RemoveConditionalMutator_EQUAL_ELSE,removed conditional - replaced equality check with false,org.apache.tika.io.FilenameUtilsTest.[engine:junit-jupiter]/[class:org.apache.tika.io.FilenameUtilsTest]/[method:testEmbeddedFilePaths()],242,54,KILLED,True,0ab838a56c7c3ff0
org.apache.tika.io.FilenameUtils,getSanitizedEmbeddedFilePath,(Lorg/apache/tika/metadata/Metadata;Ljava/lang/String;I)Ljava/lang/String;,215,org.pitest.mutationtest.engine.gregor.mutators.RemoveConditionalMutator_ORDER_ELSE,removed conditional - replaced comparison check with false,org.apache.tika.io.FilenameUtilsTest.[engine:junit-jupiter]/[class:org.apache.tika.io.FilenameUtilsTest]/[method:testEmbeddedFilePaths()],31,6,KILLED,True,295bd74810cb9044
org.apache.tika.io.FilenameUtils,getSanitizedEmbeddedFilePath,(Lorg/apache/tika/metadata/Metadata;Ljava/lang/String;I)Ljava/lang/String;,235,org.pitest.mutationtest.engine.gregor.mutators.RemoveConditionalMutator_ORDER_ELSE,removed conditional - replaced comparison check with false,org.apache.tika.io.FilenameUtilsTest.[engine:junit-jupiter]/[class:org.apache.tika.io.FilenameUtilsTest]/[method:testEmbeddedFilePaths()],133,27,KILLED,True,509d02f388e9cfdb
org.apache.tika.io.FilenameUtils,getSanitizedEmbeddedFilePath,(Lorg/apache/tika/metadata/Metadata;Ljava/lang/String;I)Ljava/lang/String;,264,org.pitest.mutationtest.engine.gregor.mutators.RemoveConditionalMutator_ORDER_ELSE,removed conditional - replaced comparison check with false,org.apache.tika.io.FilenameUtilsTest.[engine:junit-jupiter]/[class:org.apache.tika.io.FilenameUtilsTest]/[method:testEmbeddedFilePaths()],261,58,KILLED,True,aa3b8f8b7e2e68d3
org.apache.tika.io.FilenameUtils,getSanitizedEmbeddedFilePath,(Lorg/apache/tika/metadata/Metadata;Ljava/lang/String;I)Ljava/lang/String;,265,org.pitest.mutationtest.engine.gregor.mutators.RemoveConditionalMutator_ORDER_ELSE,removed conditional - replaced comparison check with false,org.apache.tika.io.FilenameUtilsTest.[engine:junit-jupiter]/[class:org.apache.tika.io.FilenameUtilsTest]/[method:testEmbeddedFilePaths()],267,60,KILLED,True,c2eb4667c6201b13
org.apache.tika.io.FilenameUtils,getSanitizedEmbeddedFilePath,(Lorg/apache/tika/metadata/Metadata;Ljava/lang/String;I)Ljava/lang/String;,211,org.pitest.mutationtest.engine.gregor.mutators.returns.EmptyObjectReturnValsMutator,"replaced return value with """" for org/apache/tika/io/FilenameUtils::getSanitizedEmbeddedFilePath",org.apache.tika.io.FilenameUtilsTest.[engine:junit-jupiter]/[class:org.apache.tika.io.FilenameUtilsTest]/[method:testEmbeddedFilePaths()],14,3,KILLED,True,ead92ab558fe3b37
org.apache.tika.io.FilenameUtils,getSanitizedEmbeddedFilePath,(Lorg/apache/tika/metadata/Metadata;Ljava/lang/String;I)Ljava/lang/String;,226,org.pitest.mutationtest.engine.gregor.mutators.returns.EmptyObjectReturnValsMutator,"replaced return value with """" for org/apache/tika/io/FilenameUtils::getSanitizedEmbeddedFilePath",org.apache.tika.io.FilenameUtilsTest.[engine:junit-jupiter]/[class:org.apache.tika.io.FilenameUtilsTest]/[method:testEmbeddedFilePaths()],92,18,KILLED,True,033b23475453fd1c
org.apache.tika.io.FilenameUtils,getSanitizedEmbeddedFilePath,(Lorg/apache/tika/metadata/Metadata;Ljava/lang/String;I)Ljava/lang/String;,232,org.pitest.mutationtest.engine.gregor.mutators.returns.EmptyObjectReturnValsMutator,"replaced return value with """" for org/apache/tika/io/FilenameUtils::getSanitizedEmbeddedFilePath",,121,24,NO_COVERAGE,False,417908ab2c3c7631
org.apache.tika.io.FilenameUtils,getSanitizedEmbeddedFilePath,(Lorg/apache/tika/metadata/Metadata;Ljava/lang/String;I)Ljava/lang/String;,240,org.pitest.mutationtest.engine.gregor.mutators.returns.EmptyObjectReturnValsMutator,"replaced return value with """" for org/apache/tika/io/FilenameUtils::getSanitizedEmbeddedFilePath",org.apache.tika.io.FilenameUtilsTest.[engine:junit-jupiter]/[class:org.apache.tika.io.FilenameUtilsTest]/[method:testEmbeddedFilePaths()],162,35,KILLED,True,a0ed96f744529733
org.apache.tika.io.FilenameUtils,getSanitizedEmbeddedFilePath,(Lorg/apache/tika/metadata/Metadata;Ljava/lang/String;I)Ljava/lang/String;,250,org.pitest.mutationtest.engine.gregor.mutators.returns.EmptyObjectReturnValsMutator,"replaced return value with """" for org/apache/tika/io/FilenameUtils::getSanitizedEmbeddedFilePath",,205,46,NO_COVERAGE,False,4524f3e0c25efe9b
org.apache.tika.io.FilenameUtils,getSanitizedEmbeddedFilePath,(Lorg/apache/tika/metadata/Metadata;Ljava/lang/String;I)Ljava/lang/String;,259,org.pitest.mutationtest.engine.gregor.mutators.returns.EmptyObjectReturnValsMutator,"replaced return value with """" for org/apache/tika/io/FilenameUtils::getSanitizedEmbeddedFilePath",,236,52,NO_COVERAGE,False,e8bce72f6e60be0a
org.apache.tika.io.FilenameUtils,getSanitizedEmbeddedFilePath,(Lorg/apache/tika/metadata/Metadata;Ljava/lang/String;I)Ljava/lang/String;,266,org.pitest.mutationtest.engine.gregor.mutators.returns.EmptyObjectReturnValsMutator,"replaced return value with """" for org/apache/tika/io/FilenameUtils::getSanitizedEmbeddedFilePath",org.apache.tika.io.FilenameUtilsTest.[engine:junit-jupiter]/[class:org.apache.tika.io.FilenameUtilsTest]/[method:testEmbeddedFilePaths()],281,63,KILLED,True,037cf79858ab297f
org.apache.tika.io.FilenameUtils,getSanitizedEmbeddedFilePath,(Lorg/apache/tika/metadata/Metadata;Ljava/lang/String;I)Ljava/lang/String;,268,org.pitest.mutationtest.engine.gregor.mutators.returns.EmptyObjectReturnValsMutator,"replaced return value with """" for org/apache/tika/io/FilenameUtils::getSanitizedEmbeddedFilePath",,288,64,NO_COVERAGE,False,848684f588ad7fe2
org.apache.tika.io.FilenameUtils,getSanitizedEmbeddedFilePath,(Lorg/apache/tika/metadata/Metadata;Ljava/lang/String;I)Ljava/lang/String;,270,org.pitest.mutationtest.engine.gregor.mutators.returns.EmptyObjectReturnValsMutator,"replaced return value with """" for org/apache/tika/io/FilenameUtils::getSanitizedEmbeddedFilePath",org.apache.tika.io.FilenameUtilsTest.[engine:junit-jupiter]/[class:org.apache.tika.io.FilenameUtilsTest]/[method:testEmbeddedFilePaths()],293,65,KILLED,True,3986672bc9ed1126
org.apache.tika.io.FilenameUtils,getSuffixFromPath,(Ljava/lang/String;)Ljava/lang/String;,134,org.pitest.mutationtest.engine.gregor.mutators.ConditionalsBoundaryMutator,changed conditional boundary,org.apache.tika.io.FilenameUtilsTest.[engine:junit-jupiter]/[class:org.apache.tika.io.FilenameUtilsTest]/[method:testEmbeddedFileNames()],16,2,KILLED,True,982dd8d2c73af9cc
org.apache.tika.io.FilenameUtils,getSuffixFromPath,(Ljava/lang/String;)Ljava/lang/String;,134,org.pitest.mutationtest.engine.gregor.mutators.ConditionalsBoundaryMutator,changed conditional boundary,,22,4,SURVIVED,False,355ed006a979b535
org.apache.tika.io.FilenameUtils,getSuffixFromPath,(Ljava/lang/String;)Ljava/lang/String;,134,org.pitest.mutationtest.engine.gregor.mutators.MathMutator,Replaced integer subtraction with addition,org.apache.tika.io.FilenameUtilsTest.[engine:junit-jupiter]/[class:org.apache.tika.io.FilenameUtilsTest]/[method:testExtension()],20,4,KILLED,True,44c892b48a39456d
org.apache.tika.io.FilenameUtils,getSuffixFromPath,(Ljava/lang/String;)Ljava/lang/String;,136,org.pitest.mutationtest.engine.gregor.mutators.RemoveConditionalMutator_EQUAL_ELSE,removed conditional - replaced equality check with false,org.apache.tika.io.FilenameUtilsTest.[engine:junit-jupiter]/[class:org.apache.tika.io.FilenameUtilsTest]/[method:testExtension()],35,8,KILLED,True,bb0b7d258bef8b0a
org.apache.tika.io.FilenameUtils,getSuffixFromPath,(Ljava/lang/String;)Ljava/lang/String;,134,org.pitest.mutationtest.engine.gregor.mutators.RemoveConditionalMutator_ORDER_ELSE,removed conditional - replaced comparison check with false,org.apache.tika.io.FilenameUtilsTest.[engine:junit-jupiter]/[class:org.apache.tika.io.FilenameUtilsTest]/[method:testExtension()],16,2,KILLED,True,e2d2372f6542dc7b
org.apache.tika.io.FilenameUtils,getSuffixFromPath,(Ljava/lang/String;)Ljava/lang/String;,134,org.pitest.mutationtest.engine.gregor.mutators.RemoveConditionalMutator_ORDER_ELSE,removed conditional - replaced comparison check with false,org.apache.tika.io.FilenameUtilsTest.[engine:junit-jupiter]/[class:org.apache.tika.io.FilenameUtilsTest]/[method:testExtension()],22,4,KILLED,True,5b3a7d14373564bf
org.apache.tika.io.FilenameUtils,getSuffixFromPath,(Ljava/lang/String;)Ljava/lang/String;,137,org.pitest.mutationtest.engine.gregor.mutators.returns.EmptyObjectReturnValsMutator,"replaced return value with """" for org/apache/tika/io/FilenameUtils::getSuffixFromPath",org.apache.tika.io.FilenameUtilsTest.[engine:junit-jupiter]/[class:org.apache.tika.io.FilenameUtilsTest]/[method:testExtension()],39,9,KILLED,True,f4a31cdd2a7b7637
org.apache.tika.io.FilenameUtils,lookupExtension,(Ljava/lang/String;)Ljava/lang/String;,410,org.pitest.mutationtest.engine.gregor.mutators.RemoveConditionalMutator_EQUAL_ELSE,removed conditional - replaced equality check with false,org.apache.tika.io.FilenameUtilsTest.[engine:junit-jupiter]/[class:org.apache.tika.io.FilenameUtilsTest]/[method:testEmbeddedFileNames()],16,3,KILLED,True,fe2c62882b5e65f6
org.apache.tika.io.FilenameUtils,lookupExtension,(Ljava/lang/String;)Ljava/lang/String;,411,org.pitest.mutationtest.engine.gregor.mutators.returns.EmptyObjectReturnValsMutator,"replaced return value with """" for org/apache/tika/io/FilenameUtils::lookupExtension",org.apache.tika.io.FilenameUtilsTest.[engine:junit-jupiter]/[class:org.apache.tika.io.FilenameUtilsTest]/[method:testEmbeddedFileNames()],21,4,KILLED,True,b7970d879db7e324
org.apache.tika.io.FilenameUtils,lookupExtension,(Ljava/lang/String;)Ljava/lang/String;,416,org.pitest.mutationtest.engine.gregor.mutators.returns.EmptyObjectReturnValsMutator,"replaced return value with """" for org/apache/tika/io/FilenameUtils::lookupExtension",,34,7,NO_COVERAGE,False,ffb35b90eb1c633b
org.apache.tika.io.FilenameUtils,normalize,(Ljava/lang/String;)Ljava/lang/String;,77,org.pitest.mutationtest.engine.gregor.mutators.ConditionalsBoundaryMutator,changed conditional boundary,org.apache.tika.io.FilenameUtilsTest.[engine:junit-jupiter]/[class:org.apache.tika.io.FilenameUtilsTest]/[method:normalizeWithNotPrintableChars()],52,11,KILLED,True,f3b5dcc34c5e34c2
org.apache.tika.io.FilenameUtils,normalize,(Ljava/lang/String;)Ljava/lang/String;,69,org.pitest.mutationtest.engine.gregor.mutators.RemoveConditionalMutator_EQUAL_ELSE,removed conditional - replaced equality check with false,org.apache.tika.io.FilenameUtilsTest.[engine:junit-jupiter]/[class:org.apache.tika.io.FilenameUtilsTest]/[method:normalizeWithNull()],4,0,KILLED,True,0639422a3891955e
org.apache.tika.io.FilenameUtils,normalize,(Ljava/lang/String;)Ljava/lang/String;,76,org.pitest.mutationtest.engine.gregor.mutators.RemoveConditionalMutator_EQUAL_ELSE,removed conditional - replaced equality check with false,org.apache.tika.io.FilenameUtilsTest.[engine:junit-jupiter]/[class:org.apache.tika.io.FilenameUtilsTest]/[method:normalizeWithReservedChar()],44,9,KILLED,True,c48cf9400fd88f84
org.apache.tika.io.FilenameUtils,normalize,(Ljava/lang/String;)Ljava/lang/String;,77,org.pitest.mutationtest.engine.gregor.mutators.RemoveConditionalMutator_ORDER_ELSE,removed conditional - replaced comparison check with false,org.apache.tika.io.FilenameUtilsTest.[engine:junit-jupiter]/[class:org.apache.tika.io.FilenameUtilsTest]/[method:normalizeWithNotPrintableChars()],52,11,KILLED,True,2594bc8fd1c0dc5b
org.apache.tika.io.FilenameUtils,normalize,(Ljava/lang/String;)Ljava/lang/String;,84,org.pitest.mutationtest.engine.gregor.mutators.returns.EmptyObjectReturnValsMutator,"replaced return value with """" for org/apache/tika/io/FilenameUtils::normalize",org.apache.tika.io.FilenameUtilsTest.[engine:junit-jupiter]/[class:org.apache.tika.io.FilenameUtilsTest]/[method:normalizeNothingTodo()],87,23,KILLED,True,39fd839983299f1f
org.apache.tika.io.FilenameUtils,removeProtocol,(Ljava/lang/String;)Ljava/lang/String;,335,org.pitest.mutationtest.engine.gregor.mutators.ConditionalsBoundaryMutator,changed conditional boundary,org.apache.tika.io.FilenameUtilsTest.[engine:junit-jupiter]/[class:org.apache.tika.io.FilenameUtilsTest]/[method:testEmbeddedFilePaths()],28,6,KILLED,True,f17d9b96b659961b
org.apache.tika.io.FilenameUtils,removeProtocol,(Ljava/lang/String;)Ljava/lang/String;,332,org.pitest.mutationtest.engine.gregor.mutators.RemoveConditionalMutator_EQUAL_ELSE,removed conditional - replaced equality check with false,org.apache.tika.io.FilenameUtilsTest.[engine:junit-jupiter]/[class:org.apache.tika.io.FilenameUtilsTest]/[method:testEmbeddedFilePaths()],16,3,KILLED,True,c2b4d7f67ac4021d
org.apache.tika.io.FilenameUtils,removeProtocol,(Ljava/lang/String;)Ljava/lang/String;,335,org.pitest.mutationtest.engine.gregor.mutators.RemoveConditionalMutator_ORDER_ELSE,removed conditional - replaced comparison check with false,org.apache.tika.io.FilenameUtilsTest.[engine:junit-jupiter]/[class:org.apache.tika.io.FilenameUtilsTest]/[method:testEmbeddedFilePaths()],28,6,KILLED,True,114cbdbcae0bacd3
org.apache.tika.io.FilenameUtils,removeProtocol,(Ljava/lang/String;)Ljava/lang/String;,336,org.pitest.mutationtest.engine.gregor.mutators.returns.EmptyObjectReturnValsMutator,"replaced return value with """" for org/apache/tika/io/FilenameUtils::removeProtocol",org.apache.tika.io.FilenameUtilsTest.[engine:junit-jupiter]/[class:org.apache.tika.io.FilenameUtilsTest]/[method:testEmbeddedFilePaths()],34,8,KILLED,True,fa74de9aef0f60f9
org.apache.tika.io.FilenameUtils,removeProtocol,(Ljava/lang/String;)Ljava/lang/String;,338,org.pitest.mutationtest.engine.gregor.mutators.returns.EmptyObjectReturnValsMutator,"replaced return value with """" for org/apache/tika/io/FilenameUtils::removeProtocol",org.apache.tika.io.FilenameUtilsTest.[engine:junit-jupiter]/[class:org.apache.tika.io.FilenameUtilsTest]/[method:testEmbeddedFilePaths()],39,9,KILLED,True,895943c17f58111b
org.apache.tika.io.FilenameUtils,resolveWithin,(Ljava/nio/file/Path;Ljava/lang/String;)Ljava/nio/file/Path;,298,org.pitest.mutationtest.engine.gregor.mutators.RemoveConditionalMutator_EQUAL_ELSE,removed conditional - replaced equality check with false,org.apache.tika.io.FilenameUtilsTest.[engine:junit-jupiter]/[class:org.apache.tika.io.FilenameUtilsTest]/[method:testResolveWithin()],18,4,KILLED,True,d1ba2f025059fe99
org.apache.tika.io.FilenameUtils,resolveWithin,(Ljava/nio/file/Path;Ljava/lang/String;)Ljava/nio/file/Path;,305,org.pitest.mutationtest.engine.gregor.mutators.RemoveConditionalMutator_EQUAL_ELSE,removed conditional - replaced equality check with false,,38,10,SURVIVED,False,9f319e59c9b7bcd3
org.apache.tika.io.FilenameUtils,resolveWithin,(Ljava/nio/file/Path;Ljava/lang/String;)Ljava/nio/file/Path;,305,org.pitest.mutationtest.engine.gregor.mutators.RemoveConditionalMutator_EQUAL_ELSE,removed conditional - replaced equality check with false,,43,12,NO_COVERAGE,False,a1a852785661be48
org.apache.tika.io.FilenameUtils,resolveWithin,(Ljava/nio/file/Path;Ljava/lang/String;)Ljava/nio/file/Path;,308,org.pitest.mutationtest.engine.gregor.mutators.RemoveConditionalMutator_EQUAL_ELSE,removed conditional - replaced equality check with false,,63,16,NO_COVERAGE,False,bea0dfafdfe37623
org.apache.tika.io.FilenameUtils,resolveWithin,(Ljava/nio/file/Path;Ljava/lang/String;)Ljava/nio/file/Path;,315,org.pitest.mutationtest.engine.gregor.mutators.returns.NullReturnValsMutator,replaced return value with null for org/apache/tika/io/FilenameUtils::resolveWithin,org.apache.tika.io.FilenameUtilsTest.[engine:junit-jupiter]/[class:org.apache.tika.io.FilenameUtilsTest]/[method:testResolveWithin()],80,21,KILLED,True,8a24a1e0bf8e9f86
org.apache.tika.io.LookaheadInputStream,<init>,(Ljava/io/InputStream;I)V,67,org.pitest.mutationtest.engine.gregor.mutators.RemoveConditionalMutator_EQUAL_ELSE,removed conditional - replaced equality check with false,,34,1,SURVIVED,False,c1d0614acd5ec566
org.apache.tika.io.LookaheadInputStream,<init>,(Ljava/io/InputStream;I)V,68,org.pitest.mutationtest.engine.gregor.mutators.VoidMethodCallMutator,removed call to java/io/InputStream::mark,,39,2,SURVIVED,False,4454644d58518a71
org.apache.tika.io.LookaheadInputStream,available,()I,124,org.pitest.mutationtest.engine.gregor.mutators.MathMutator,Replaced integer subtraction with addition,org.apache.tika.io.LookaheadInputStreamTest.[engine:junit-jupiter]/[class:org.apache.tika.io.LookaheadInputStreamTest]/[method:testSkipLookahead()],7,0,KILLED,True,fc94abeb683ff2c6
org.apache.tika.io.LookaheadInputStream,available,()I,124,org.pitest.mutationtest.engine.gregor.mutators.returns.PrimitiveReturnsMutator,replaced int return with 0 for org/apache/tika/io/LookaheadInputStream::available,org.apache.tika.io.LookaheadInputStreamTest.[engine:junit-jupiter]/[class:org.apache.tika.io.LookaheadInputStreamTest]/[method:testSkipLookahead()],8,0,KILLED,True,c6ef8e682871ef8a
org.apache.tika.io.LookaheadInputStream,close,()V,74,org.pitest.mutationtest.engine.gregor.mutators.RemoveConditionalMutator_EQUAL_ELSE,removed conditional - replaced equality check with false,org.apache.tika.io.LookaheadInputStreamTest.[engine:junit-jupiter]/[class:org.apache.tika.io.LookaheadInputStreamTest]/[method:testMarkLookahead()],5,0,KILLED,True,c8c72bb1eb22e11b
org.apache.tika.io.LookaheadInputStream,close,()V,75,org.pitest.mutationtest.engine.gregor.mutators.VoidMethodCallMutator,removed call to java/io/InputStream::reset,org.apache.tika.io.LookaheadInputStreamTest.[engine:junit-jupiter]/[class:org.apache.tika.io.LookaheadInputStreamTest]/[method:testMarkLookahead()],10,1,KILLED,True,8167a5c4a5de269f
org.apache.tika.io.LookaheadInputStream,fill,()V,81,org.pitest.mutationtest.engine.gregor.mutators.ConditionalsBoundaryMutator,changed conditional boundary,,11,2,SURVIVED,False,0180f4ea91f54cf5
org.apache.tika.io.LookaheadInputStream,fill,()V,82,org.pitest.mutationtest.engine.gregor.mutators.MathMutator,Replaced integer subtraction with addition,,28,4,SURVIVED,False,2860eff98480611b
org.apache.tika.io.LookaheadInputStream,fill,()V,84,org.pitest.mutationtest.engine.gregor.mutators.MathMutator,Replaced integer addition with subtraction,org.apache.tika.io.LookaheadInputStreamTest.[engine:junit-jupiter]/[class:org.apache.tika.io.LookaheadInputStreamTest]/[method:testMarkLookahead()],42,6,KILLED,True,40528b73b008c91a
org.apache.tika.io.LookaheadInputStream,fill,()V,81,org.pitest.mutationtest.engine.gregor.mutators.RemoveConditionalMutator_EQUAL_ELSE,removed conditional - replaced equality check with false,org.apache.tika.io.LookaheadInputStreamTest.[engine:junit-jupiter]/[class:org.apache.tika.io.LookaheadInputStreamTest]/[method:testMarkLookahead()],5,1,KILLED,True,4cd4e12451d84877
org.apache.tika.io.LookaheadInputStream,fill,()V,81,org.pitest.mutationtest.engine.gregor.mutators.RemoveConditionalMutator_EQUAL_ELSE,removed conditional - replaced equality check with false,org.apache.tika.io.LookaheadInputStreamTest.[engine:junit-jupiter]/[class:org.apache.tika.io.LookaheadInputStreamTest]/[method:testMarkLookahead()],14,3,KILLED,True,73dcad1dc1499406
org.apache.tika.io.LookaheadInputStream,fill,()V,83,org.pitest.mutationtest.engine.gregor.mutators.RemoveConditionalMutator_EQUAL_ELSE,removed conditional - replaced equality check with false,org.apache.tika.io.LookaheadInputStreamTest.[engine:junit-jupiter]/[class:org.apache.tika.io.LookaheadInputStreamTest]/[method:testMarkLookahead()],35,5,KILLED,True,f1021ecf5c362755
org.apache.tika.io.LookaheadInputStream,fill,()V,81,org.pitest.mutationtest.engine.gregor.mutators.RemoveConditionalMutator_ORDER_ELSE,removed conditional - replaced comparison check with false,org.apache.tika.io.LookaheadInputStreamTest.[engine:junit-jupiter]/[class:org.apache.tika.io.LookaheadInputStreamTest]/[method:testMarkLookahead()],11,2,KILLED,True,584bd6b20fd1fe98
org.apache.tika.io.LookaheadInputStream,fill,()V,86,org.pitest.mutationtest.engine.gregor.mutators.VoidMethodCallMutator,removed call to org/apache/tika/io/LookaheadInputStream::close,,49,7,SURVIVED,False,c98f2b1125885598
org.apache.tika.io.LookaheadInputStream,markSupported,()Z,129,org.pitest.mutationtest.engine.gregor.mutators.returns.BooleanFalseReturnValsMutator,replaced boolean return with false for org/apache/tika/io/LookaheadInputStream::markSupported,,4,0,NO_COVERAGE,False,3cca5ac236c81f45
org.apache.tika.io.LookaheadInputStream,read,()I,94,org.pitest.mutationtest.engine.gregor.mutators.ConditionalsBoundaryMutator,changed conditional boundary,org.apache.tika.io.LookaheadInputStreamTest.[engine:junit-jupiter]/[class:org.apache.tika.io.LookaheadInputStreamTest]/[method:testZeroLookahead()],11,1,KILLED,True,e233d2a22dfb63b0
org.apache.tika.io.LookaheadInputStream,read,()I,95,org.pitest.mutationtest.engine.gregor.mutators.MathMutator,Replaced integer addition with subtraction,org.apache.tika.io.LookaheadInputStreamTest.[engine:junit-jupiter]/[class:org.apache.tika.io.LookaheadInputStreamTest]/[method:testMarkLookahead()],22,2,KILLED,True,cf6a998ddcf69fd8
org.apache.tika.io.LookaheadInputStream,read,()I,95,org.pitest.mutationtest.engine.gregor.mutators.MathMutator,Replaced bitwise AND with OR,org.apache.tika.io.LookaheadInputStreamTest.[engine:junit-jupiter]/[class:org.apache.tika.io.LookaheadInputStreamTest]/[method:testMarkLookahead()],25,2,KILLED,True,7383fbf7ee5bc847
org.apache.tika.io.LookaheadInputStream,read,()I,94,org.pitest.mutationtest.engine.gregor.mutators.RemoveConditionalMutator_ORDER_ELSE,removed conditional - replaced comparison check with false,org.apache.tika.io.LookaheadInputStreamTest.[engine:junit-jupiter]/[class:org.apache.tika.io.LookaheadInputStreamTest]/[method:testMarkLookahead()],11,1,KILLED,True,70edfb65db5e1614
org.apache.tika.io.LookaheadInputStream,read,()I,93,org.pitest.mutationtest.engine.gregor.mutators.VoidMethodCallMutator,removed call to org/apache/tika/io/LookaheadInputStream::fill,org.apache.tika.io.LookaheadInputStreamTest.[engine:junit-jupiter]/[class:org.apache.tika.io.LookaheadInputStreamTest]/[method:testMarkLookahead()],4,0,KILLED,True,a8c7f8d3592fa780
org.apache.tika.io.LookaheadInputStream,read,()I,95,org.pitest.mutationtest.engine.gregor.mutators.returns.PrimitiveReturnsMutator,replaced int return with 0 for org/apache/tika/io/LookaheadInputStream::read,org.apache.tika.io.LookaheadInputStreamTest.[engine:junit-jupiter]/[class:org.apache.tika.io.LookaheadInputStreamTest]/[method:testMarkLookahead()],26,2,KILLED,True,b3da6fd883c13720
org.apache.tika.io.LookaheadInputStream,read,()I,97,org.pitest.mutationtest.engine.gregor.mutators.returns.PrimitiveReturnsMutator,replaced int return with 0 for org/apache/tika/io/LookaheadInputStream::read,org.apache.tika.io.LookaheadInputStreamTest.[engine:junit-jupiter]/[class:org.apache.tika.io.LookaheadInputStreamTest]/[method:testZeroLookahead()],31,3,KILLED,True,0a3199105e31d9b1
org.apache.tika.io.LookaheadInputStream,read,([BII)I,104,org.pitest.mutationtest.engine.gregor.mutators.ConditionalsBoundaryMutator,changed conditional boundary,,11,1,NO_COVERAGE,False,f45bc6d9d34cd244
org.apache.tika.io.LookaheadInputStream,read,([BII)I,105,org.pitest.mutationtest.engine.gregor.mutators.MathMutator,Replaced integer subtraction with addition,,19,2,NO_COVERAGE,False,f29f5d7e97c1ce1e
org.apache.tika.io.LookaheadInputStream,read,([BII)I,107,org.pitest.mutationtest.engine.gregor.mutators.MathMutator,Replaced integer addition with subtraction,,38,4,NO_COVERAGE,False,925a578a8aae13dc
org.apache.tika.io.LookaheadInputStream,read,([BII)I,104,org.pitest.mutationtest.engine.gregor.mutators.RemoveConditionalMutator_ORDER_ELSE,removed conditional - replaced comparison check with false,,11,1,NO_COVERAGE,False,9bdc0998b80b97a0
org.apache.tika.io.LookaheadInputStream,read,([BII)I,103,org.pitest.mutationtest.engine.gregor.mutators.VoidMethodCallMutator,removed call to org/apache/tika/io/LookaheadInputStream::fill,,4,0,NO_COVERAGE,False,4083f7fc9a490dd4
org.apache.tika.io.LookaheadInputStream,read,([BII)I,106,org.pitest.mutationtest.engine.gregor.mutators.VoidMethodCallMutator,removed call to java/lang/System::arraycopy,,31,3,NO_COVERAGE,False,4f78549c1beddba9
org.apache.tika.io.LookaheadInputStream,read,([BII)I,108,org.pitest.mutationtest.engine.gregor.mutators.returns.PrimitiveReturnsMutator,replaced int return with 0 for org/apache/tika/io/LookaheadInputStream::read,,43,4,NO_COVERAGE,False,468ae6c044e577c7
org.apache.tika.io.LookaheadInputStream,read,([BII)I,110,org.pitest.mutationtest.engine.gregor.mutators.returns.PrimitiveReturnsMutator,replaced int return with 0 for org/apache/tika/io/LookaheadInputStream::read,,48,5,NO_COVERAGE,False,d4d7a59b4aa026ae
org.apache.tika.io.LookaheadInputStream,skip,(J)J,118,org.pitest.mutationtest.engine.gregor.mutators.MathMutator,Replaced long addition with subtraction,org.apache.tika.io.LookaheadInputStreamTest.[engine:junit-jupiter]/[class:org.apache.tika.io.LookaheadInputStreamTest]/[method:testSkipLookahead()],20,3,KILLED,True,ba7c3a8aaeb6bdc3
org.apache.tika.io.LookaheadInputStream,skip,(J)J,116,org.pitest.mutationtest.engine.gregor.mutators.VoidMethodCallMutator,removed call to org/apache/tika/io/LookaheadInputStream::fill,org.apache.tika.io.LookaheadInputStreamTest.[engine:junit-jupiter]/[class:org.apache.tika.io.LookaheadInputStreamTest]/[method:testSkipLookahead()],4,0,KILLED,True,cfe4a24a94e998a9
org.apache.tika.io.LookaheadInputStream,skip,(J)J,119,org.pitest.mutationtest.engine.gregor.mutators.returns.PrimitiveReturnsMutator,replaced long return with 0 for org/apache/tika/io/LookaheadInputStream::skip,org.apache.tika.io.LookaheadInputStreamTest.[engine:junit-jupiter]/[class:org.apache.tika.io.LookaheadInputStreamTest]/[method:testSkipLookahead()],26,3,KILLED,True,d29722926e4fc7c2
